,id,leader,time,DTW
0,132,28.0,5.0,1.3276192501596498
1,132,28.0,10.0,1.276980456592379
2,132,28.0,15.0,1.5105105112166257
3,132,28.0,20.0,1.8187118828832265
4,132,28.0,25.0,2.0879569136349354
5,132,28.0,30.0,2.393064903779889
6,132,28.0,35.0,1.476564519688575
7,132,28.0,40.0,3.807378637190245
8,132,28.0,45.0,3.3667609987051463
9,132,28.0,50.0,3.1597515563362877
10,132,28.0,55.0,4.252296530212135
11,132,17.0,59.3,2.5394981179840155
12,132,17.0,64.3,1.7142768322901254
13,132,17.0,69.3,1.7731620580675667
14,132,17.0,74.3,1.8587672317312036
15,132,17.0,79.3,1.9692125838907562
16,132,17.0,84.3,1.48014196061052
17,132,17.0,89.3,1.823898784987293
18,132,17.0,94.3,2.574047320333772
19,132,276.0,98.6,0.8523254006560049
20,132,276.0,103.6,1.904643997761495
21,132,276.0,108.6,2.3952265736733076
22,132,276.0,113.6,1.9320516591889993
23,132,276.0,118.6,1.3304649358311964
24,132,276.0,123.6,1.6446825629658695
25,132,276.0,128.6,2.043299195556424
26,132,21.0,131.6,0.3237482952554655
27,132,21.0,136.6,0.5853232142041158
28,132,21.0,141.6,0.49747581566536536
29,132,21.0,146.6,0.4628288181123425
30,132,21.0,151.6,0.5260366851215709
31,132,21.0,156.6,0.5670900678875668
32,132,21.0,161.6,0.3870956476333473
33,132,21.0,166.6,0.30761756567158455
34,132,1380.0,168.3,2.0383709750494887
35,132,2791.0,169.3,6.201591099184053
36,28,20.0,5.0,7.610914090959731
37,28,20.0,10.0,8.480203569122226
38,28,20.0,15.0,9.3501660172117
39,28,21.0,18.0,0.9544991437457959
40,28,21.0,23.0,0.8729542278784062
41,28,21.0,28.0,0.4920138397604137
42,28,21.0,33.0,0.3848142604784389
43,28,21.0,38.0,0.8640535924899547
44,28,21.0,43.0,0.3605570981068368
45,28,21.0,48.0,0.3922126146435249
46,28,21.0,53.0,0.8297729002402764
47,28,21.0,58.0,3.054245469133781
48,28,21.0,63.0,5.316330852212572
49,28,21.0,68.0,6.7307119218652085
50,28,21.0,73.0,7.703270392363172
51,28,21.0,78.0,8.684239546846515
52,28,23.0,82.2,
53,28,298.0,82.8,2.272044378285404
54,28,298.0,87.8,1.314169950983174
55,28,298.0,92.8,1.3963658180198377
56,28,298.0,97.8,2.2147434329020768
57,28,298.0,102.8,3.2617439789660057
58,28,298.0,107.8,3.042695171576996
59,28,298.0,112.8,2.9831003633861433
60,20,21.0,5.0,4.058316463762451
61,20,21.0,10.0,4.1603853118795335
62,20,21.0,15.0,4.372577115787035
63,20,22.0,18.0,3.634250921728895
64,20,22.0,23.0,6.495778861757274
65,20,18.0,26.0,4.1195536810691085
66,20,18.0,31.0,3.5142940163979657
67,20,18.0,36.0,3.757223502719379
68,20,18.0,41.0,4.29552098749778
69,20,18.0,46.0,4.2224651963582716
70,20,18.0,51.0,4.165115657614822
71,20,17.0,53.6,3.117887511698727
72,20,17.0,58.6,2.9916029704927163
73,20,132.0,59.3,0.938058593748305
74,20,132.0,64.3,0.8114276325037267
75,20,276.0,68.4,
76,21,23.0,5.0,1.040546107138415
77,21,23.0,10.0,1.1343029075132274
78,21,23.0,15.0,0.7538816667847665
79,21,23.0,20.0,0.4757660352787746
80,21,23.0,25.0,0.2579630924858593
81,21,23.0,30.0,0.34149669392716536
82,21,23.0,35.0,0.48124593288595696
83,21,23.0,40.0,0.7868880255928599
84,21,23.0,45.0,1.4646785080196356
85,21,23.0,50.0,2.3775249624681085
86,21,23.0,55.0,3.30026605631478
87,21,23.0,60.0,3.745546435255762
88,21,23.0,65.0,4.142133894087566
89,21,23.0,70.0,4.515025776090402
90,21,23.0,75.0,5.53977130329487
91,21,23.0,80.0,6.910007089818981
92,21,22.0,26.0,2.2937086089867065
93,21,22.0,31.0,3.054032481891242
94,21,22.0,36.0,1.8470858264387313
95,21,22.0,41.0,2.201074952501256
96,21,22.0,46.0,3.2827961321713737
97,21,22.0,51.0,3.5700766267808026
98,21,22.0,56.0,3.77649530621112
99,21,22.0,61.0,3.9280200594427224
100,21,22.0,66.0,4.504134949537
101,21,11.0,82.2,0.5368458682200828
102,21,11.0,87.2,0.5277472304712143
103,21,11.0,92.2,0.5215921419502362
104,21,11.0,97.2,1.4895786817486443
105,21,11.0,102.2,2.9776415620183823
106,21,11.0,107.2,2.1508702121630114
107,21,11.0,112.2,2.162019764225297
108,21,11.0,117.2,1.7324894208189205
109,21,11.0,122.2,1.6712769367498665
110,21,11.0,127.2,3.1755245771294636
111,21,276.0,131.6,0.31932220944103923
112,21,276.0,136.6,0.8787109343027015
113,21,276.0,141.6,0.8820215309691588
114,21,276.0,146.6,0.41035146096992176
115,21,276.0,151.6,0.3725161950968411
116,21,276.0,156.6,0.6817105256290221
117,21,276.0,161.6,0.2682627240324215
118,21,676.0,164.8,1.0467761781686182
119,21,1380.0,167.4,
120,23,8.0,5.0,3.3753818754227467
121,23,8.0,10.0,3.164722754851918
122,23,8.0,15.0,1.7009684547420663
123,23,8.0,20.0,1.567502283644863
124,23,8.0,25.0,1.1225953493927723
125,23,8.0,30.0,1.630656027104794
126,23,8.0,35.0,2.2795960919010763
127,23,4.0,19.3,1.2676901654552803
128,23,7.0,37.7,1.6892972505762882
129,23,7.0,42.7,2.965207529659485
130,23,7.0,47.7,2.1577817399355426
131,23,7.0,52.7,2.5387090919145177
132,23,7.0,57.7,3.1152228818405634
133,23,7.0,62.7,4.322757083819805
134,23,7.0,67.7,5.603253095521469
135,23,7.0,72.7,5.668135091354231
136,23,7.0,77.7,5.518954263444096
137,23,7.0,82.7,5.236038874486019
138,23,7.0,87.7,4.940201702548544
139,23,6.0,52.4,3.4542013242017893
140,23,6.0,57.4,3.5833583187082576
141,23,6.0,62.4,3.8279409747586213
142,23,22.0,92.4,4.334186011157202
143,23,22.0,97.4,3.011596560284401
144,8,5.0,5.0,0.5452343127024187
145,8,5.0,10.0,0.6901875230803808
146,8,5.0,15.0,0.7961009727955242
147,8,5.0,20.0,0.6616153033055442
148,8,5.0,25.0,0.8016990241532436
149,8,5.0,30.0,0.9500385152496225
150,8,5.0,35.0,0.9812510200690453
151,8,5.0,40.0,0.8157277354594874
152,8,5.0,45.0,0.9679133852670502
153,8,5.0,50.0,0.6976399091546809
154,8,5.0,55.0,0.6269955867733273
155,5,9.0,5.0,1.743369650422556
156,5,9.0,10.0,1.8214690789719317
157,5,9.0,15.0,2.786071751403759
158,5,9.0,20.0,1.9745136989042216
159,5,9.0,25.0,1.164468619315177
160,5,9.0,30.0,1.559649661871746
161,5,9.0,35.0,0.8314277621188435
162,5,9.0,40.0,0.5095601841961356
163,5,9.0,45.0,0.5756082155135495
164,5,9.0,50.0,0.33111574447004655
165,5,9.0,55.0,
166,9,2.0,5.0,1.0131027477609413
167,9,2.0,10.0,2.362383047446401
168,9,2.0,15.0,1.4170282681733324
169,9,2.0,20.0,3.2147483262934284
170,9,2.0,25.0,4.546337376842833
171,9,2.0,30.0,4.555873683430942
172,9,2.0,35.0,4.508424368198345
173,9,2.0,40.0,4.4726676775244645
174,9,2.0,45.0,
175,2,0.0,5.0,0.8621601621239147
176,2,0.0,10.0,0.9268766698965847
177,2,0.0,15.0,3.5915493851966653
178,2,0.0,20.0,3.5819782242713116
179,2,0.0,25.0,3.582035081049137
180,2,0.0,30.0,3.5582447250671456
181,2,0.0,35.0,
182,0,212.0,9.0,0.358728564033518
183,0,212.0,14.0,0.32176300396880203
184,0,212.0,19.0,0.21085689875596664
185,0,212.0,24.0,0.2254230801698064
186,0,212.0,29.0,0.14215987069688493
187,31,24.0,5.0,0.8030336552431264
188,31,24.0,10.0,0.5900644651895169
189,31,24.0,15.0,0.5066421813860196
190,31,24.0,20.0,0.49434222295203994
191,31,24.0,25.0,
192,24,27.0,5.0,0.2932321348777003
193,24,27.0,10.0,0.29273796538471447
194,24,27.0,15.0,0.39249992482975765
195,24,27.0,20.0,0.29078210932212345
196,24,27.0,25.0,0.49103709378383464
197,24,27.0,30.0,0.10584037722773991
198,27,19.0,5.0,2.9446006892567014
199,27,19.0,10.0,3.2287049994330266
200,27,19.0,15.0,6.342943831581406
201,27,19.0,20.0,6.183693155245127
202,27,15.0,21.6,5.32346833634754
203,27,15.0,26.6,4.809120359970801
204,27,15.0,31.6,2.3566224404170684
205,27,32.0,36.2,
206,19,17.0,5.0,1.472324898430668
207,19,17.0,10.0,1.8771309775205156
208,19,12.0,14.7,1.398024060710907
209,19,12.0,19.7,2.1740580826417775
210,19,13.0,23.0,6.830930377042962
211,19,13.0,28.0,7.427770161073996
212,19,13.0,33.0,7.112629509508754
213,19,13.0,38.0,6.534526560050966
214,19,13.0,43.0,7.131010018483702
215,19,13.0,48.0,6.41803535309214
216,19,13.0,53.0,
217,19,18.0,53.6,0.9098079610570824
218,19,18.0,58.6,0.9299238112874527
219,19,18.0,63.6,0.9915853248996949
220,19,18.0,68.6,2.37451417674331
221,19,18.0,73.6,
222,17,11.0,5.0,0.3763201864738248
223,17,11.0,10.0,0.5922649697146005
224,17,11.0,15.0,0.7531002147765912
225,17,11.0,20.0,0.4208464658325076
226,17,11.0,25.0,0.7001044485401491
227,17,11.0,30.0,0.5926641021526429
228,17,11.0,35.0,0.21751322420521244
229,17,11.0,40.0,0.49109238201611555
230,17,11.0,45.0,0.5015676227980992
231,17,11.0,50.0,0.6850860955710942
232,17,11.0,55.0,0.5843528535505135
233,17,11.0,60.0,1.2052461880048055
234,17,11.0,65.0,1.373920500570388
235,17,11.0,70.0,1.144899851505409
236,17,11.0,75.0,1.2362231662705532
237,17,11.0,80.0,1.2092848937609602
238,17,11.0,85.0,1.8348536188194329
239,17,11.0,90.0,1.6385735601122986
240,17,11.0,95.0,1.32299636666263
241,17,11.0,100.0,3.063543193964797
242,17,11.0,105.0,2.396827047296413
243,17,11.0,110.0,1.4742766416130269
244,17,11.0,115.0,1.7486520697195322
245,17,11.0,120.0,1.8186247946856289
246,17,11.0,125.0,3.0764836392399326
247,17,11.0,130.0,5.002270539922503
248,17,12.0,13.9,
249,17,7.0,14.7,1.7280831991317482
250,17,21.0,82.2,0.8876082251269286
251,17,21.0,87.2,1.181301434078468
252,17,21.0,92.2,0.9505191344581351
253,17,21.0,97.2,0.8547041521542252
254,17,21.0,102.2,0.3869899023641272
255,17,21.0,107.2,2.0879908873997586
256,17,21.0,112.2,4.9864036260279745
257,17,21.0,117.2,7.199507495189592
258,17,21.0,122.2,7.994860093339419
259,17,21.0,127.2,8.631168907604367
260,17,1623.0,133.9,6.079405070015367
261,17,1623.0,138.9,4.044514655792064
262,17,1623.0,143.9,4.084175806640755
263,17,1623.0,148.9,4.20430637832453
264,17,1623.0,153.9,4.015687060953203
265,17,676.0,158.4,0.09894970700724363
266,11,3.0,5.0,1.573417586698605
267,11,3.0,10.0,1.5720301156138958
268,11,3.0,15.0,1.6261597651396194
269,11,3.0,20.0,1.5040909051094218
270,11,3.0,25.0,0.4130456041845526
271,11,3.0,30.0,0.32930088657135215
272,11,3.0,35.0,0.14212849386252546
273,11,3.0,40.0,0.20135434060497465
274,11,3.0,45.0,0.33300168729796537
275,11,3.0,50.0,0.17133440188728838
276,11,3.0,55.0,0.19531372303649763
277,11,3.0,60.0,0.1948299305578132
278,11,3.0,65.0,0.15573146883641995
279,11,3.0,70.0,0.6031881673352977
280,11,3.0,75.0,0.14918450730899538
281,11,3.0,80.0,0.1515161594776985
282,11,3.0,85.0,0.16910661592149606
283,11,3.0,90.0,0.2384838335152071
284,11,3.0,95.0,0.5740641711152344
285,11,3.0,100.0,0.3360663385847683
286,11,3.0,105.0,0.3384824624394814
287,11,3.0,110.0,0.3641538748832189
288,11,3.0,115.0,0.36910514416060386
289,11,3.0,120.0,0.6952116582427786
290,11,3.0,125.0,0.6332060511958484
291,11,3.0,130.0,0.6646722954225774
292,11,3.0,135.0,0.6578457204397092
293,11,3.0,140.0,0.6437443862610428
294,11,3.0,145.0,0.6470011339359059
295,11,3.0,150.0,0.7813720850765533
296,11,3.0,155.0,0.5716956067506886
297,11,3.0,160.0,
298,11,7.0,7.1,2.3806407952619626
299,11,7.0,12.1,1.9268780017297669
300,11,7.0,17.1,1.902729841105928
301,11,7.0,22.1,2.870272214283898
302,11,4.0,18.6,
303,11,1380.0,150.5,0.9696527075522008
304,3,1.0,5.0,4.060519127304663
305,3,1.0,10.0,4.068552894221031
306,3,1.0,15.0,1.7498627207115043
307,3,1.0,20.0,1.121111866936973
308,3,276.0,23.8,10.104770973217203
309,3,7.0,25.6,3.2328545543630915
310,3,7.0,30.6,3.0458309464684326
311,3,7.0,35.6,2.9988574317565924
312,3,6.0,37.7,0.9659699215912785
313,3,6.0,42.7,6.749457899404957
314,3,6.0,47.7,7.450730878018129
315,3,6.0,52.7,8.97861015541712
316,3,6.0,57.7,10.193812657993503
317,3,6.0,62.7,10.892754437849685
318,3,6.0,67.7,11.020419547846023
319,3,6.0,72.7,11.581814140225953
320,3,6.0,77.7,12.623965907342685
321,3,10.0,52.4,1.1154837583874202
322,3,10.0,57.4,1.617900920598387
323,3,10.0,62.4,0.86288980810301
324,3,10.0,67.4,1.5756568495340597
325,3,10.0,72.4,1.4932992172829433
326,3,10.0,77.4,0.7828405809586273
327,3,10.0,82.4,2.0225933406039975
328,3,10.0,87.4,4.124383898372262
329,3,10.0,92.4,5.054867220812552
330,3,10.0,97.4,4.344224041494854
331,3,10.0,102.4,2.984328970397261
332,3,10.0,107.4,4.54360192059516
333,3,10.0,112.4,5.752309356057263
334,3,10.0,117.4,5.403326705295844
335,3,10.0,122.4,6.6851017344678425
336,3,10.0,127.4,8.304062083392008
337,3,10.0,132.4,8.973271348467362
338,3,10.0,137.4,8.855132296362347
339,3,22.0,67.5,6.3658490291700405
340,3,22.0,72.5,6.53135826550174
341,3,22.0,77.5,6.337738930876139
342,3,22.0,82.5,8.11279254125468
343,3,22.0,87.5,11.501899594723877
344,3,23.0,92.4,2.859507977526264
345,3,23.0,97.4,2.6745665105823773
346,3,207.0,139.3,14.022408724435095
347,3,207.0,144.3,13.225453732181176
348,3,1380.0,151.4,0.9998081879392584
349,3,1380.0,156.4,0.5441212451470071
350,3,1380.0,161.4,
351,1,276.0,12.3,7.40079985748234
352,1,276.0,17.3,12.71542329368815
353,1,276.0,22.3,13.086255696111824
354,1,232.0,23.8,1.4594733908676731
355,1,232.0,28.8,1.3961285997261548
356,1,232.0,33.8,1.3290927660270082
357,1,232.0,38.8,1.2848804396419333
358,1,232.0,43.8,1.4230711807836378
359,1,232.0,48.8,0.35202563063280334
360,1,232.0,53.8,0.4544791984177506
361,29,131.0,5.0,
362,29,128.0,5.6,30.05175525802095
363,29,34.0,6.4,0.44088782003359034
364,29,34.0,11.4,0.5191196201800472
365,29,34.0,16.4,0.8471995321313655
366,29,34.0,21.4,0.761621817495305
367,29,34.0,26.4,0.8870759407079504
368,29,34.0,31.4,0.3336165369768686
369,29,34.0,36.4,0.39574623311712526
370,29,34.0,41.4,0.48971472363566154
371,29,34.0,46.4,0.5830631953620458
372,29,34.0,51.4,0.3295789426738651
373,131,128.0,5.0,28.255591685921036
374,131,29.0,5.6,1.2466062941645708
375,131,29.0,10.6,1.2985895870946442
376,131,29.0,15.6,1.3532573464594118
377,131,29.0,20.6,0.5011374487232204
378,131,29.0,25.6,1.822379262993416
379,131,29.0,30.6,0.30422102794334605
380,131,29.0,35.6,0.4404347578313854
381,131,29.0,40.6,0.2677138493274641
382,131,29.0,45.6,0.6951533194592356
383,131,29.0,50.6,
384,131,177.0,7.0,
385,128,34.0,5.0,19.13173714604897
386,128,29.0,6.4,
387,128,131.0,6.8,0.4225776299540643
388,128,131.0,11.8,0.47889087363088206
389,128,131.0,16.8,0.9852106977313563
390,128,131.0,21.8,0.4911365104540994
391,128,131.0,26.8,0.6191566068420419
392,128,131.0,31.8,0.429695406990196
393,128,177.0,7.2,
394,34,26.0,5.0,0.7576494082128629
395,34,26.0,10.0,0.8287499567999151
396,34,26.0,15.0,0.8731473123899761
397,34,26.0,20.0,0.6474667569316741
398,34,26.0,25.0,0.659427747727956
399,34,26.0,30.0,0.7864663900172104
400,34,26.0,35.0,0.7882553736529971
401,34,26.0,40.0,2.2563638663165944
402,34,26.0,45.0,1.529826465605938
403,34,26.0,50.0,1.5731046130231443
404,34,26.0,55.0,1.8201176075668961
405,34,26.0,60.0,1.632920116652402
406,34,26.0,65.0,1.7493413457714377
407,34,26.0,70.0,1.431217249024312
408,34,26.0,75.0,1.3941797666424243
409,34,26.0,80.0,1.4013016427216753
410,34,26.0,85.0,1.553067098089282
411,34,26.0,90.0,1.5007288244404893
412,34,26.0,95.0,2.019619469790285
413,34,26.0,100.0,0.8877573094045104
414,34,26.0,105.0,1.0174284275387422
415,34,26.0,110.0,0.7741387581911855
416,34,26.0,115.0,0.890720637410332
417,34,26.0,120.0,0.9133256199301825
418,34,26.0,125.0,0.9244484963348983
419,34,26.0,130.0,0.764097994977548
420,34,26.0,135.0,0.6919837339739957
421,34,26.0,140.0,0.7542526625013858
422,34,26.0,145.0,0.7451069377378975
423,34,26.0,150.0,0.5224715038190721
424,34,26.0,155.0,0.5684578094597603
425,34,26.0,160.0,0.297770312210756
426,34,26.0,165.0,0.3410783660958979
427,34,26.0,170.0,0.26518556951976313
428,34,26.0,175.0,0.1280258609249727
429,26,13.0,5.0,2.6300814813128874
430,26,13.0,10.0,3.3209340668320313
431,26,13.0,15.0,
432,26,22.0,15.4,2.786515164107547
433,26,20.0,18.0,3.3866363207836616
434,26,20.0,23.0,3.8309138775216836
435,26,20.0,28.0,2.547324355022315
436,26,20.0,33.0,2.7928411563464324
437,26,20.0,38.0,1.8054256549159104
438,26,20.0,43.0,5.71407847556011
439,26,20.0,48.0,7.831212899320075
440,26,20.0,53.0,8.582646805194909
441,26,20.0,58.0,8.910559059971254
442,26,20.0,63.0,
443,26,418.0,63.5,11.290678118891007
444,26,418.0,68.5,13.608102502937504
445,26,132.0,70.9,4.868917693502438
446,26,132.0,75.9,4.427525086319876
447,26,132.0,80.9,4.781775732797505
448,26,1161.0,85.7,20.282186325508526
449,26,1286.0,88.2,15.967127511513247
450,26,1286.0,93.2,16.884856647806643
451,26,1286.0,98.2,17.456321147219924
452,26,1286.0,103.2,
453,26,17.0,104.0,4.058230464325241
454,26,17.0,109.0,4.071660300439637
455,26,17.0,114.0,4.097289709444319
456,26,17.0,119.0,4.523914629516723
457,26,17.0,124.0,5.282875850858054
458,26,17.0,129.0,3.298533693329969
459,26,17.0,134.0,1.479654186756953
460,26,17.0,139.0,2.4806158339136366
461,26,160.0,109.7,2.1206321661124563
462,26,160.0,114.7,2.171533300095816
463,26,2378.0,140.2,2.5420246221972764
464,26,2378.0,145.2,1.5041814074928117
465,26,2378.0,150.2,1.3890747307749884
466,26,2378.0,155.2,1.344795822810741
467,26,2378.0,160.2,1.1670260992607466
468,26,2378.0,165.2,1.236335985563164
469,26,2378.0,170.2,1.352493195149537
470,26,2378.0,175.2,0.6407144668077788
471,13,18.0,5.0,4.575883858427901
472,13,18.0,10.0,5.983950486151639
473,13,18.0,15.0,6.958151333661123
474,13,18.0,20.0,8.371979040771944
475,13,12.0,23.0,0.6094781899559969
476,13,12.0,28.0,0.8949430315500432
477,13,12.0,33.0,2.0299817103125255
478,13,12.0,38.0,2.375421250432089
479,13,12.0,43.0,2.096134228472675
480,13,12.0,48.0,2.1462021825485116
481,13,12.0,53.0,2.0966398552199768
482,13,276.0,54.6,2.900601767401149
483,13,276.0,59.6,2.064294197084295
484,13,276.0,64.6,
485,18,6.0,5.0,3.556599710398992
486,18,6.0,10.0,
487,18,7.0,10.8,0.6215647843696822
488,18,17.0,14.7,2.115133117977902
489,18,17.0,19.7,3.62698417829327
490,18,17.0,24.7,3.509931563866066
491,18,17.0,29.7,2.1369823968405437
492,18,17.0,34.7,0.9637588126768118
493,18,17.0,39.7,3.3682426915538026
494,18,17.0,44.7,4.318132680945829
495,18,17.0,49.7,4.796985510707049
496,18,13.0,53.6,4.292278834263532
497,18,13.0,58.6,4.580528670448809
498,18,13.0,63.6,5.347559545380488
499,18,276.0,66.1,3.168475218144899
500,18,276.0,71.1,4.132962937616995
501,18,276.0,76.1,3.4115751533938505
502,18,276.0,81.1,2.929987657421868
503,18,276.0,86.1,2.9929327118967066
504,18,276.0,91.1,3.213943320154058
505,18,276.0,96.1,3.596148283971313
506,18,20.0,68.4,
507,18,132.0,98.6,1.3773814196365806
508,18,132.0,103.6,1.8639678186236392
509,18,132.0,108.6,2.2994147525544655
510,18,132.0,113.6,3.36340740243734
511,18,132.0,118.6,4.268649836822924
512,18,132.0,123.6,2.769155829922408
513,18,132.0,128.6,3.886546713820617
514,18,132.0,133.6,2.8746944148349405
515,18,132.0,138.6,3.9091991321183266
516,18,132.0,143.6,5.391224504719741
517,18,132.0,148.6,5.461500454426792
518,18,132.0,153.6,5.044319486004734
519,18,132.0,158.6,5.199433015235031
520,18,132.0,163.6,4.778262254793837
521,18,132.0,168.6,4.282540819188864
522,18,132.0,173.6,
523,18,160.0,115.6,1.5103076170875096
524,18,160.0,120.6,3.270661952987183
525,18,160.0,125.6,3.0363958631457413
526,18,160.0,130.6,5.222996247502696
527,18,160.0,135.6,3.5741443759369136
528,18,160.0,140.6,3.5930740021773264
529,18,160.0,145.6,5.470598098586749
530,18,160.0,150.6,5.43040300341535
531,18,160.0,155.6,5.820772340939634
532,18,160.0,160.6,4.026413392977013
533,18,160.0,165.6,3.6198377577863052
534,18,160.0,170.6,4.418521823265941
535,18,2791.0,174.0,0.3900294793159928
536,18,1380.0,175.6,1.2234175419403082
537,6,10.0,5.0,0.687219048311444
538,6,10.0,10.0,0.7286135405104542
539,6,10.0,15.0,0.737374166472174
540,6,10.0,20.0,0.733934250182123
541,6,10.0,25.0,1.5387300933295924
542,6,10.0,30.0,2.7313825364710516
543,6,10.0,35.0,3.222518255232318
544,6,10.0,40.0,9.0747373297912
545,6,10.0,45.0,11.297764249376822
546,6,10.0,50.0,13.464753293957449
547,6,7.0,52.4,10.799146944095664
548,6,7.0,57.4,11.326557826915534
549,6,7.0,62.4,11.735736519372656
550,6,16.0,83.9,2.823899117347929
551,10,232.0,10.0,3.1839317024884135
552,10,232.0,15.0,3.9860966580876394
553,10,232.0,20.0,4.3353366232795905
554,10,232.0,25.0,4.359452303823781
555,10,232.0,30.0,4.221971595919437
556,10,232.0,35.0,4.0913022200970355
557,10,232.0,40.0,6.399856542771147
558,10,232.0,45.0,5.957754430151508
559,10,232.0,50.0,5.607479633085989
560,10,232.0,55.0,6.579882872187252
561,10,1.0,23.8,3.23332760479396
562,10,1.0,28.8,3.15983961719672
563,10,1.0,33.8,2.4370436431740483
564,10,1.0,38.8,3.9359260535727776
565,10,1.0,43.8,5.4665709057509115
566,10,1.0,48.8,5.098124894258487
567,10,1.0,53.8,5.130140153137576
568,10,6.0,66.1,6.9171533382424775
569,10,676.0,70.1,4.7851580483629785
570,10,676.0,75.1,5.284002620261157
571,10,676.0,80.1,6.124909462652985
572,10,676.0,85.1,7.237717051866812
573,10,676.0,90.1,7.8842575001387765
574,10,676.0,95.1,8.286936795941898
575,10,298.0,113.8,4.771714991705261
576,10,298.0,118.8,4.941014940886913
577,10,298.0,123.8,5.144190971753562
578,10,298.0,128.8,
579,10,1286.0,129.0,14.022712430774284
580,10,1286.0,134.0,12.782397434572148
581,10,207.0,137.8,7.759687711639389
582,30,25.0,5.0,1.0205682655759145
583,30,25.0,10.0,1.2716434665192524
584,30,25.0,15.0,1.988688358870725
585,30,25.0,20.0,2.120508352061447
586,30,25.0,25.0,2.9456133753961735
587,30,25.0,30.0,3.7216559574682235
588,30,25.0,35.0,2.5752934153828617
589,30,25.0,40.0,3.228532384745724
590,30,25.0,45.0,5.537415709965903
591,30,25.0,50.0,6.303697737771402
592,30,25.0,55.0,6.907508464141292
593,30,25.0,60.0,5.468758914925926
594,30,25.0,65.0,5.411153752654795
595,30,25.0,70.0,5.860405623890493
596,30,25.0,75.0,5.222280955420694
597,30,25.0,80.0,4.23048067869791
598,30,25.0,85.0,3.4720654486951794
599,30,25.0,90.0,
600,30,28.0,123.5,6.22600374879253
601,30,28.0,128.5,8.042862458366892
602,25,16.0,5.0,0.6441484729487198
603,25,16.0,10.0,0.6441084412710231
604,25,16.0,15.0,0.8403348693158803
605,25,16.0,20.0,0.7585680569835257
606,25,16.0,25.0,0.6686404361508934
607,25,16.0,30.0,0.8375645006579792
608,25,16.0,35.0,0.5499737711303362
609,25,16.0,40.0,7.242131308157483
610,25,16.0,45.0,8.305661859740587
611,25,16.0,50.0,8.76914349581945
612,25,16.0,55.0,9.445421380655239
613,25,16.0,60.0,9.666793279664612
614,16,14.0,5.0,3.4972138745788004
615,16,14.0,10.0,2.857608183401089
616,16,14.0,15.0,4.179154957337557
617,16,14.0,20.0,3.7561087062430345
618,16,4.0,22.6,1.9536753948115078
619,16,4.0,27.6,2.78200222612802
620,16,4.0,32.6,2.1899556649563117
621,16,4.0,37.6,3.174260733518515
622,16,4.0,42.6,7.689957808356812
623,16,4.0,47.6,7.513770149392573
624,16,4.0,52.6,7.833318608655389
625,16,4.0,57.6,8.01895643659026
626,16,8.0,59.2,10.227124484585698
627,14,67.0,5.0,1.0320061556417108
628,14,67.0,10.0,1.4004642662376592
629,14,67.0,15.0,4.681746729213727
630,14,67.0,20.0,4.508602901640244
631,14,67.0,25.0,4.49808116206003
632,14,67.0,30.0,4.811791967021626
633,14,67.0,35.0,4.81772809450756
634,67,42.0,5.0,0.7658562426276776
635,67,42.0,10.0,0.3183446393355303
636,67,42.0,15.0,1.0483492314933498
637,67,42.0,20.0,2.624653800145255
638,67,42.0,25.0,2.0184841416915553
639,67,42.0,30.0,0.5364747517019315
640,67,42.0,35.0,0.1649279974328996
641,42,38.0,5.0,1.6551198273514964
642,42,38.0,10.0,1.5038715834503324
643,42,38.0,15.0,1.1895446220416217
644,42,38.0,20.0,1.2647915588892629
645,42,38.0,25.0,1.0991334649352784
646,42,38.0,30.0,0.8370474795401919
647,38,146.0,5.5,1.2563403936957982
648,38,146.0,10.5,1.872270676969338
649,38,146.0,15.5,1.7513356459966534
650,38,146.0,20.5,0.9489285397758367
651,160,132.0,6.4,1.0416587317852621
652,160,132.0,11.4,1.2650629446720136
653,160,132.0,16.4,3.0748461095668964
654,160,132.0,21.4,2.277112642145351
655,160,132.0,26.4,2.433415972727613
656,160,132.0,31.4,1.522053656291303
657,160,132.0,36.4,1.6059114123669243
658,160,132.0,41.4,2.8497521716264704
659,160,132.0,46.4,3.5174940126986756
660,160,132.0,51.4,3.0182735501837166
661,160,132.0,56.4,2.727106139009506
662,160,132.0,61.4,3.390792622864051
663,160,132.0,66.4,5.001225886900148
664,160,132.0,71.4,2.573315368812101
665,160,132.0,76.4,2.362003636596395
666,160,132.0,81.4,2.3618949066166444
667,160,132.0,86.4,3.412998602162474
668,160,132.0,91.4,4.082326746258811
669,160,132.0,96.4,2.2438733185451274
670,160,132.0,101.4,1.0696743469247771
671,160,132.0,106.4,0.8655661067270471
672,160,132.0,111.4,1.278216152437884
673,160,132.0,116.4,1.1290975895634465
674,160,132.0,121.4,1.6141906198985558
675,160,132.0,126.4,2.3160047401815396
676,160,132.0,131.4,2.0903180317331356
677,160,132.0,136.4,2.0571794208348098
678,160,132.0,141.4,1.7526335259195378
679,160,132.0,146.4,1.863830972984313
680,160,132.0,151.4,1.6513725803947124
681,160,132.0,156.4,0.8388476738771474
682,160,132.0,161.4,0.7035808609077612
683,160,132.0,166.4,0.9029936202109525
684,160,132.0,171.4,
685,160,207.0,21.3,1.848553494604617
686,160,207.0,26.3,2.3822336636916646
687,160,207.0,31.3,2.087783575027084
688,160,207.0,36.3,2.3669750726795487
689,160,207.0,41.3,2.30410275218418
690,160,207.0,46.3,2.3953976516476776
691,160,207.0,51.3,2.620496818779582
692,160,207.0,56.3,2.2345354013452288
693,160,207.0,61.3,2.274967343172881
694,160,207.0,66.3,1.806230652731875
695,160,207.0,71.3,2.619210416242946
696,160,207.0,76.3,3.3359320108094863
697,160,207.0,81.3,3.5492037048017964
698,160,207.0,86.3,3.9914552776740497
699,160,207.0,91.3,5.841251470904666
700,160,207.0,96.3,8.12194411933331
701,160,207.0,101.3,11.137425254170584
702,160,418.0,30.7,2.7831649572316746
703,160,418.0,35.7,2.5076987864666855
704,160,418.0,40.7,4.0480986854095695
705,160,418.0,45.7,5.38770185094178
706,160,418.0,50.7,6.2319727460793874
707,160,418.0,55.7,6.341380620276084
708,160,418.0,60.7,6.62908849410046
709,160,1161.0,93.5,16.36263228779843
710,160,1161.0,98.5,18.367827906586296
711,160,1286.0,104.0,23.00932793748314
712,160,1286.0,109.0,
713,160,17.0,109.7,7.69622313986048
714,160,17.0,114.7,8.92891940671204
715,160,2378.0,124.8,4.324109012175651
716,160,2378.0,129.8,5.253905567855298
717,160,2378.0,134.8,5.596960453966238
718,160,2378.0,139.8,5.76848997743068
719,177,29.0,7.0,
720,177,131.0,7.2,
721,7,3.0,7.1,8.801975436554619
722,7,6.0,10.8,3.7608051298866485
723,7,6.0,15.8,5.075353909243296
724,7,6.0,20.8,5.310585223956331
725,7,6.0,25.8,5.133701105312918
726,7,6.0,30.8,7.182143029753164
727,7,6.0,35.8,7.16583758986084
728,7,8.0,37.7,2.441713646730459
729,7,8.0,42.7,6.090538477230735
730,7,8.0,47.7,6.513443184777471
731,7,8.0,52.7,7.804709180606551
732,7,8.0,57.7,10.027293667916263
733,7,5.0,59.2,10.54957994775983
734,7,16.0,64.5,2.425076116544171
735,7,16.0,69.5,2.605671720133441
736,7,16.0,74.5,1.5380215239386008
737,7,16.0,79.5,1.8030246492885755
738,207,30.0,8.8,2.1584687734005956
739,207,30.0,13.8,0.6826341880857886
740,207,30.0,18.8,1.58760582616485
741,207,30.0,23.8,0.8658662344903624
742,207,30.0,28.8,2.153613213670386
743,207,30.0,33.8,2.940880948889678
744,207,30.0,38.8,3.255763077015143
745,207,30.0,43.8,1.9142831791019843
746,207,30.0,48.8,2.6589969759447114
747,207,30.0,53.8,3.031268826683873
748,207,30.0,58.8,3.2384623162888104
749,207,30.0,63.8,2.2009139278693612
750,207,30.0,68.8,2.2154778786273925
751,207,30.0,73.8,0.835168990057507
752,207,30.0,78.8,1.5486990558487146
753,207,30.0,83.8,2.338981007966826
754,207,30.0,88.8,2.7812473065336216
755,207,30.0,93.8,3.0204063439771422
756,207,30.0,98.8,2.527840560519467
757,207,30.0,103.8,3.1390366205258
758,207,30.0,108.8,3.747643290902779
759,207,30.0,113.8,2.9466687224948136
760,207,30.0,118.8,2.542334848959367
761,207,30.0,123.8,1.842748735400642
762,207,30.0,128.8,0.9348654871782249
763,207,30.0,133.8,2.1940415853030997
764,207,132.0,21.3,0.8380157459251726
765,207,132.0,26.3,1.0338665423161697
766,207,132.0,31.3,0.8321697639359248
767,207,132.0,36.3,0.6234749567066842
768,207,132.0,41.3,3.575515655018478
769,207,132.0,46.3,3.7321108254738893
770,207,132.0,51.3,3.7399131390347375
771,207,132.0,56.3,3.784377336689445
772,207,28.0,59.3,2.8059714763716395
773,207,28.0,64.3,3.1683398003808914
774,207,28.0,69.3,2.7795458854116912
775,207,28.0,74.3,1.7013783321239275
776,207,28.0,79.3,0.9870247179978808
777,207,28.0,84.3,0.8036352087468517
778,207,28.0,89.3,3.386239410002342
779,207,28.0,94.3,2.1205478650537137
780,207,28.0,99.3,1.3512443411551438
781,207,28.0,104.3,0.8249581905467153
782,207,28.0,109.3,1.04976845719176
783,207,28.0,114.3,0.8959869652506479
784,207,28.0,119.3,1.023204533922228
785,207,1286.0,137.8,2.278165509476687
786,212,472.0,20.7,0.24441586858428285
787,232,303.0,13.5,1.4445984512591692
788,232,303.0,18.5,0.6347338726999997
789,232,303.0,23.5,0.951614274102371
790,232,303.0,28.5,1.4853929979789806
791,232,303.0,33.5,1.535336065510476
792,232,303.0,38.5,1.5699142322204496
793,232,303.0,43.5,1.3726590632755005
794,276,455.0,20.0,
795,276,466.0,20.3,1.0442980317561663
796,276,466.0,25.3,0.7229989362852448
797,276,466.0,30.3,0.8610217307465384
798,276,466.0,35.3,0.5177478420643523
799,276,466.0,40.3,5.046256565183109
800,276,466.0,45.3,5.985164885405848
801,276,466.0,50.3,6.424588459810275
802,276,466.0,55.3,6.925897530068784
803,276,466.0,60.3,
804,276,676.0,60.7,3.9588219497752015
805,276,676.0,65.7,4.427477731632619
806,276,676.0,70.7,5.28656579123174
807,276,676.0,75.7,4.037188519093548
808,276,676.0,80.7,4.325334176963749
809,276,676.0,85.7,4.475584442897341
810,276,676.0,90.7,3.646828556399669
811,276,676.0,95.7,2.923558444736378
812,276,676.0,100.7,1.8644737711025512
813,276,676.0,105.7,0.9040929384317035
814,276,676.0,110.7,0.7512117941071385
815,276,676.0,115.7,0.8168633528335342
816,276,676.0,120.7,0.8528166942702231
817,276,676.0,125.7,1.0587463431093707
818,276,676.0,130.7,0.8104952590019554
819,276,676.0,135.7,1.053374795693028
820,276,676.0,140.7,0.8604607228470118
821,276,676.0,145.7,0.7172758932895538
822,276,676.0,150.7,0.5984623672883855
823,276,676.0,155.7,0.9691397124307244
824,276,676.0,160.7,0.5502414585482428
825,276,22.0,69.8,4.07937500671965
826,276,22.0,74.8,3.4840126837297483
827,276,10.0,79.8,1.8505228414266663
828,276,10.0,84.8,2.976726267607356
829,276,10.0,89.8,3.8282313732687645
830,276,10.0,94.8,4.730819216282082
831,276,17.0,158.4,0.7118785239208093
832,298,207.0,13.2,15.335875305805542
833,298,207.0,18.2,17.496623868310824
834,298,30.0,21.3,5.542814968319981
835,298,30.0,26.3,5.367611347586765
836,298,30.0,31.3,6.056595902378293
837,298,30.0,36.3,4.893222281138904
838,298,30.0,41.3,4.515638762566452
839,298,30.0,46.3,3.785273005996085
840,298,30.0,51.3,2.6499916460672837
841,298,30.0,56.3,3.761471298206342
842,298,30.0,61.3,3.337886680323974
843,298,30.0,66.3,3.236958784710786
844,298,30.0,71.3,3.5137309939135393
845,298,30.0,76.3,3.409677732224888
846,298,30.0,81.3,3.3748798340482606
847,298,23.0,82.8,3.432039284337929
848,298,23.0,87.8,3.3645056457931553
849,298,7.0,92.4,2.8366423088360917
850,12,11.0,13.9,5.601446898930225
851,12,3.0,17.0,4.516951208699386
852,12,3.0,22.0,5.201802734320397
853,12,276.0,25.6,9.10057682540318
854,12,276.0,30.6,7.460854949065185
855,12,276.0,35.6,6.307360227016915
856,12,276.0,40.6,4.906019714343239
857,12,276.0,45.6,4.485789463256032
858,12,276.0,50.6,2.7110347954193466
859,22,13.0,15.4,8.450871734900229
860,22,13.0,20.4,8.798052764071349
861,22,18.0,23.0,12.22114334188912
862,22,23.0,26.0,2.2644471929642256
863,22,23.0,31.0,2.8052851896363196
864,22,23.0,36.0,2.2420303099310495
865,22,23.0,41.0,6.328782833963582
866,22,23.0,46.0,5.278090880933633
867,22,23.0,51.0,5.664503659238471
868,22,23.0,56.0,6.944877466307776
869,22,23.0,61.0,7.925121007516323
870,22,23.0,66.0,9.602157946872119
871,22,10.0,67.5,6.983271790641221
872,22,10.0,72.5,5.821073641097196
873,22,10.0,77.5,8.204272901165469
874,22,676.0,69.8,3.3903092438093325
875,22,6.0,79.8,2.4326415885319723
876,22,6.0,84.8,1.6003651278782327
877,22,6.0,89.8,1.6573069351591905
878,22,6.0,94.8,1.3698406276321624
879,76,160.0,16.9,1.3415895479782813
880,76,160.0,21.9,0.8545209328644635
881,76,160.0,26.9,0.5680376643768432
882,76,160.0,31.9,0.5676289827822679
883,76,160.0,36.9,0.8834860096900257
884,76,160.0,41.9,3.4035697753424925
885,76,160.0,46.9,0.790682322386328
886,76,160.0,51.9,0.8810210234864504
887,76,160.0,56.9,0.791693289396786
888,76,160.0,61.9,0.7523677078783447
889,76,160.0,66.9,2.5507607023688785
890,76,160.0,71.9,3.0833981874323575
891,76,160.0,76.9,0.8119835774966238
892,76,160.0,81.9,1.4055426537103008
893,76,160.0,86.9,2.998681176393889
894,76,160.0,91.9,4.386180249897174
895,76,160.0,96.9,5.442126238832954
896,76,160.0,101.9,6.429510567354877
897,76,160.0,106.9,7.343917728711947
898,76,1286.0,109.7,8.985507482747991
899,76,1286.0,114.7,7.776707116340472
900,76,1407.0,119.1,0.9362512572826173
901,76,1407.0,124.1,0.4898813537732264
902,76,1407.0,129.1,0.6536930743240478
903,76,1407.0,134.1,0.716432622335273
904,76,1407.0,139.1,0.6371311324734232
905,76,1407.0,144.1,0.6879841849115461
906,76,1407.0,149.1,0.628409003092483
907,76,1407.0,154.1,0.6132285265130795
908,76,1407.0,159.1,0.23167782261428027
909,4,7.0,18.6,10.967731709310733
910,4,8.0,19.3,7.677946840367954
911,4,14.0,22.6,1.2502867589436442
912,4,14.0,27.6,1.3451755245927353
913,4,14.0,32.6,1.3439805598859371
914,4,14.0,37.6,1.453929650728506
915,4,14.0,42.6,1.138670200265401
916,418,298.0,18.8,3.664383032023271
917,418,298.0,23.8,3.8282861595593043
918,418,298.0,28.8,4.461426705576456
919,418,207.0,30.7,2.157369258317145
920,418,207.0,35.7,1.7968586563022868
921,418,207.0,40.7,3.510927980702528
922,418,207.0,45.7,3.497340574959484
923,418,207.0,50.7,3.2735465009382136
924,418,207.0,55.7,3.0985887985398284
925,418,207.0,60.7,3.0841751645475313
926,418,20.0,63.5,2.6471095631920365
927,418,132.0,68.4,2.943918727745101
928,455,515.0,23.1,0.8676190601969643
929,455,515.0,28.1,0.8013421292891726
930,455,515.0,33.1,0.6662598877292267
931,455,515.0,38.1,0.8796712662125151
932,455,515.0,43.1,0.5350119539988518
933,455,676.0,46.6,0.5591928263861864
934,466,455.0,20.3,0.31005905446506166
935,466,455.0,25.3,0.4052260586528586
936,466,455.0,30.3,0.6377407738670138
937,466,455.0,35.3,0.35577244337766634
938,466,455.0,40.3,0.5186982854655215
939,466,455.0,45.3,0.6652559782559309
940,466,676.0,49.6,0.674771238167544
941,466,676.0,54.6,0.6387041229646708
942,466,676.0,59.6,
943,15,19.0,21.6,1.1165180775157122
944,15,19.0,26.6,1.3274105484686232
945,15,19.0,31.6,0.9049016280513255
946,15,19.0,36.6,1.2261713313613127
947,15,19.0,41.6,3.1990528156738516
948,15,19.0,46.6,1.5946294362820905
949,15,19.0,51.6,1.8607674947969843
950,15,19.0,56.6,2.4187628822768166
951,15,19.0,61.6,3.622410863789674
952,15,19.0,66.6,6.725985032978306
953,15,19.0,71.6,8.341814817699499
954,15,18.0,74.7,1.859404746693154
955,15,18.0,79.7,2.126519250935854
956,15,18.0,84.7,2.30882413929421
957,15,18.0,89.7,2.092889229145313
958,15,18.0,94.7,2.566551159409679
959,15,18.0,99.7,2.0959023514474153
960,15,18.0,104.7,2.4574245465450195
961,15,18.0,109.7,2.578252859704134
962,15,18.0,114.7,3.093098519673173
963,15,18.0,119.7,3.0023585563741846
964,15,18.0,124.7,4.420084501150009
965,15,18.0,129.7,2.616809405617226
966,15,18.0,134.7,3.6402055485190115
967,15,2682.0,135.5,1.2553620576004165
968,15,2682.0,140.5,1.2493061412322022
969,15,2682.0,145.5,
970,515,595.0,26.5,0.9745211051112097
971,515,595.0,31.5,0.9046243504428193
972,515,595.0,36.5,0.916431211880995
973,515,595.0,41.5,1.1240414898156796
974,515,676.0,44.7,
975,523,418.0,23.1,3.1078859396976957
976,523,418.0,28.1,3.125710309221845
977,523,298.0,30.7,1.5818414571965738
978,523,298.0,35.7,1.3817147424450225
979,523,298.0,40.7,1.1389085834978174
980,523,298.0,45.7,0.6890113302027202
981,523,298.0,50.7,0.6090524421678107
982,523,298.0,55.7,0.6062697490831037
983,523,298.0,60.7,0.731190751688821
984,523,298.0,65.7,1.7309786289971305
985,523,298.0,70.7,2.711373257037553
986,523,298.0,75.7,2.2519296015861228
987,523,298.0,80.7,2.221206819916718
988,523,30.0,82.8,2.016528157747872
989,523,30.0,87.8,0.9005295307015021
990,523,30.0,92.8,0.3765192924101048
991,523,30.0,97.8,2.6955149255332596
992,523,30.0,102.8,4.998291288029554
993,523,30.0,107.8,5.42576744890204
994,523,30.0,112.8,5.444394999787853
995,523,30.0,117.8,5.499576818147939
996,523,30.0,122.8,6.301256079742869
997,513,128.0,23.2,0.22296475302652505
998,513,128.0,28.2,0.03714614560181215
999,574,523.0,25.3,1.044165191443252
1000,574,523.0,30.3,1.2379048273765072
1001,574,523.0,35.3,1.4470478141562546
1002,574,523.0,40.3,1.9413267360927537
1003,574,523.0,45.3,2.0763978072168663
1004,574,523.0,50.3,1.8580795517951332
1005,574,523.0,55.3,2.01346323262838
1006,574,523.0,60.3,1.9072849711241022
1007,574,523.0,65.3,1.7878239799507205
1008,574,523.0,70.3,0.791739618059214
1009,574,523.0,75.3,0.741663956371517
1010,574,523.0,80.3,0.14308278478057407
1011,574,523.0,85.3,0.37913842399075
1012,574,523.0,90.3,0.20777258314484834
1013,574,523.0,95.3,0.4054656418300315
1014,574,523.0,100.3,1.0518591521198792
1015,574,523.0,105.3,1.3557379646192302
1016,574,523.0,110.3,1.3706588595331393
1017,574,523.0,115.3,1.3644541635631504
1018,574,523.0,120.3,1.3699786199000934
1019,574,523.0,125.3,1.3814290475931723
1020,574,523.0,130.3,1.208961874606591
1021,574,523.0,135.3,0.36809839194040034
1022,595,676.0,29.7,0.4627780865994931
1023,595,676.0,34.7,0.4119196120823714
1024,595,676.0,39.7,0.6911572957697903
1025,676,1380.0,66.5,1.9540535282567724
1026,676,1380.0,71.5,2.618580866780884
1027,676,1380.0,76.5,0.7633047504323669
1028,676,1380.0,81.5,1.2066800444548496
1029,676,1380.0,86.5,1.3578769021863755
1030,676,1380.0,91.5,1.2345982982770525
1031,676,1380.0,96.5,1.1768428232126829
1032,676,1380.0,101.5,0.9811211109965648
1033,676,1380.0,106.5,1.1036880200027195
1034,676,1380.0,111.5,1.190386657696924
1035,676,1380.0,116.5,1.142344288296029
1036,676,1380.0,121.5,0.7065369760792845
1037,676,1380.0,126.5,0.716136324517385
1038,676,1380.0,131.5,1.3164680399855535
1039,676,1380.0,136.5,1.0099386497940328
1040,676,1380.0,141.5,1.0154548807479673
1041,676,1380.0,146.5,0.8779535052760461
1042,676,1380.0,151.5,0.8233251385184696
1043,676,1380.0,156.5,1.3522006060059697
1044,676,1380.0,161.5,1.06585175836705
1045,676,1380.0,166.5,
1046,676,11.0,150.5,0.5275784883366249
1047,676,11.0,155.5,0.4352226789455217
1048,676,11.0,160.5,
1049,676,3.0,160.9,0.6426195866012059
1050,727,76.0,31.9,1.2080010109211596
1051,727,76.0,36.9,1.3820058165773725
1052,727,76.0,41.9,1.083418018901421
1053,727,131.0,43.3,0.6210740524463658
1054,770,574.0,33.7,5.3415015841864415
1055,770,574.0,38.7,5.201442814187908
1056,770,574.0,43.7,5.091459269727456
1057,770,76.0,45.6,2.3520130601982516
1058,32,15.0,36.2,0.6224431180526582
1059,32,15.0,41.2,2.6664439135668005
1060,32,15.0,46.2,0.9842438296721389
1061,32,15.0,51.2,0.8073672709630422
1062,32,15.0,56.2,0.8043506870227723
1063,32,15.0,61.2,0.7974924016008363
1064,32,15.0,66.2,1.0397815768099097
1065,32,15.0,71.2,2.3578941362332824
1066,32,15.0,76.2,0.05517484920844738
1067,904,770.0,39.9,8.513956853653086
1068,904,770.0,44.9,8.9179310999211
1069,904,574.0,45.6,5.824553738126635
1070,904,574.0,50.6,5.156708617002367
1071,904,574.0,55.6,4.888296996696135
1072,904,574.0,60.6,6.193890854037373
1073,904,574.0,65.6,7.336617069776732
1074,904,574.0,70.6,7.525085845138795
1075,904,574.0,75.6,7.75385327618118
1076,904,574.0,80.6,
1077,904,1081.0,80.9,1.916638362565845
1078,904,1081.0,85.9,1.8591032704458381
1079,904,1081.0,90.9,2.1796005849188753
1080,904,1081.0,95.9,2.596776254807236
1081,904,1161.0,100.9,1.4505050690315413
1082,904,1161.0,105.9,1.025863271871798
1083,904,1161.0,110.9,1.0652965953346345
1084,904,1161.0,115.9,1.2118210281322088
1085,904,1161.0,120.9,2.0179942454881172
1086,904,1161.0,125.9,1.8842444032719916
1087,904,1161.0,130.9,1.7246961692323834
1088,904,1161.0,135.9,1.8789786227857015
1089,904,30.0,140.0,2.6747142422904275
1090,904,30.0,145.0,1.6740105267539604
1091,534,76.0,44.6,
1092,534,770.0,45.6,
1093,1380,16.0,87.9,14.005694319925446
1094,1380,6.0,98.8,17.857397165261332
1095,1380,10.0,139.3,5.7866211113304065
1096,1380,10.0,144.3,4.994989539267747
1097,1380,10.0,149.3,4.225628221607549
1098,1380,2076.0,161.1,14.713934390345273
1099,1380,2076.0,166.1,11.552756337374529
1100,1380,1623.0,165.1,
1101,1407,76.0,67.7,5.970644077445629
1102,1407,76.0,72.7,2.938562453749514
1103,1407,76.0,77.7,3.0087209444703866
1104,1407,76.0,82.7,4.522068655409983
1105,1407,76.0,87.7,5.767355856826852
1106,1407,76.0,92.7,5.602783374367006
1107,1407,76.0,97.7,4.649789895001487
1108,1407,76.0,102.7,9.778951175771926
1109,1407,1081.0,75.7,3.650501962176556
1110,1407,1081.0,80.7,
1111,1407,1161.0,83.0,7.743034544348788
1112,1407,1640.0,106.4,5.136606181283026
1113,1407,1640.0,111.4,5.716735108822015
1114,1407,1640.0,116.4,5.990312330294339
1115,1407,1286.0,119.1,4.071162176106098
1116,1407,1286.0,124.1,4.122757519301789
1117,1407,207.0,129.0,1.875836060405956
1118,1407,207.0,134.0,1.9115617026564757
1119,1407,30.0,137.8,4.73914686726519
1120,1407,904.0,140.0,2.7541945794096727
1121,1407,904.0,145.0,2.812380568906049
1122,1407,904.0,150.0,4.456593727715465
1123,1407,1852.0,157.2,1.4775007003417189
1124,1081,904.0,68.0,8.248475853767323
1125,1081,904.0,73.0,13.610085968808841
1126,1081,76.0,75.7,16.743654660944554
1127,1081,76.0,80.7,
1128,1081,574.0,80.9,7.642735986732222
1129,1081,574.0,85.9,6.128546296920341
1130,1081,574.0,90.9,4.160346758628764
1131,1081,574.0,95.9,3.5812257835668135
1132,1081,574.0,100.9,4.06974667899327
1133,1081,574.0,105.9,2.6468295962642725
1134,1081,574.0,110.9,1.3993334426966633
1135,1081,574.0,115.9,0.7969591029395982
1136,1081,574.0,120.9,0.6309455207286465
1137,1081,574.0,125.9,0.7475049590010809
1138,1081,574.0,130.9,0.5736449975971895
1139,1081,574.0,135.9,0.5505628908969512
1140,1081,574.0,140.9,0.4084714577628261
1141,1161,1081.0,73.5,2.054718966578187
1142,1161,1081.0,78.5,1.6974972258791028
1143,1161,1081.0,83.5,1.704679008811187
1144,1161,1081.0,88.5,1.1895161722945093
1145,1161,1081.0,93.5,0.49566572169809714
1146,1161,1081.0,98.5,0.4007503432326081
1147,1161,1081.0,103.5,0.6397851475838167
1148,1161,1081.0,108.5,1.073315051211625
1149,1161,1081.0,113.5,0.5524908714736432
1150,1161,1081.0,118.5,0.5341616234274604
1151,1161,1081.0,123.5,0.5362285868579206
1152,1161,1081.0,128.5,0.5058372689998991
1153,1161,1081.0,133.5,0.8618720108707926
1154,1161,1081.0,138.5,0.3665661109683796
1155,1161,1081.0,143.5,0.16528106367418877
1156,1161,904.0,75.7,9.20206128677059
1157,1161,904.0,80.7,9.474388056989598
1158,1161,76.0,83.0,13.21128223845273
1159,1161,132.0,85.7,16.036555340775323
1160,1161,132.0,90.7,16.10980820409858
1161,1161,207.0,93.5,8.00857777307653
1162,1161,207.0,98.5,5.313695617668162
1163,1286,1407.0,80.0,9.125021342429076
1164,1286,1407.0,85.0,10.071681366477375
1165,1286,1161.0,88.2,3.7778345196634566
1166,1286,1161.0,93.2,
1167,1286,132.0,93.5,18.19503205498204
1168,1286,17.0,98.6,19.51757096764186
1169,1286,17.0,103.6,
1170,1286,207.0,104.0,7.071957058785011
1171,1286,207.0,109.0,6.179520370200552
1172,1286,207.0,114.0,5.2002058700471085
1173,1286,207.0,119.0,4.407824768278068
1174,1286,207.0,124.0,3.7639892433325683
1175,1286,298.0,129.0,1.5389627044691434
1176,1286,298.0,134.0,
1177,1640,1161.0,80.7,1.3584250678466965
1178,1640,1161.0,85.7,3.945822140296419
1179,1640,1161.0,90.7,3.8584781576178826
1180,1640,1161.0,95.7,2.704134070562134
1181,1640,1161.0,100.7,1.7683272128314462
1182,1640,1161.0,105.7,1.8217674931546406
1183,1640,1161.0,110.7,2.4459083875908774
1184,1640,1161.0,115.7,3.1011345786466324
1185,1640,1161.0,120.7,2.8813612217377824
1186,1640,1161.0,125.7,2.6771597546067194
1187,1640,1161.0,130.7,2.2328846339924944
1188,1640,1161.0,135.7,2.3051875815214635
1189,1640,1161.0,140.7,2.2940403938652962
1190,1640,1161.0,145.7,2.2994828491698964
1191,1640,904.0,83.0,2.1393344947018944
1192,1640,904.0,88.0,2.9487961806051937
1193,1640,904.0,93.0,2.387730276017544
1194,1640,904.0,98.0,1.7467563608155467
1195,1640,904.0,103.0,2.3776494496177203
1196,1640,904.0,108.0,2.221063890159766
1197,1640,904.0,113.0,1.7842342641965907
1198,1640,904.0,118.0,1.4186009504810426
1199,1640,904.0,123.0,2.056196400694055
1200,1640,904.0,128.0,2.3235017395570887
1201,1640,904.0,133.0,2.416902267690878
1202,1640,904.0,138.0,2.4331391807728044
1203,1836,1407.0,91.1,2.732549730729746
1204,1836,1407.0,96.1,2.8399312762661717
1205,1836,1407.0,101.1,2.2469168624710707
1206,1836,1407.0,106.1,
1207,1836,76.0,106.4,2.725322616623292
1208,1836,76.0,111.4,1.8933862345425436
1209,1836,76.0,116.4,1.2941340444537657
1210,1836,76.0,121.4,1.434136998415533
1211,1836,76.0,126.4,1.6914463609131436
1212,1836,76.0,131.4,1.9297648096670532
1213,1836,76.0,136.4,1.6590233683180473
1214,1836,76.0,141.4,1.6410625464717097
1215,1836,76.0,146.4,1.562760530291595
1216,1836,76.0,151.4,1.5641606237166292
1217,1836,76.0,156.4,1.6087992382807386
1218,1836,76.0,161.4,0.9558423782287896
1219,1836,76.0,166.4,
1220,1836,1623.0,117.0,1.8215186841620103
1221,1836,1623.0,122.0,1.0657954877183107
1222,1836,1623.0,127.0,1.1457211815892132
1223,1836,1623.0,132.0,2.5769378483627103
1224,1852,1640.0,92.1,2.383327961303899
1225,1852,1640.0,97.1,2.153351448011709
1226,1852,1640.0,102.1,2.1753716090467745
1227,1852,1640.0,107.1,3.067845872850638
1228,1852,1640.0,112.1,2.7647296827073338
1229,1852,1640.0,117.1,2.497584032251072
1230,1852,1640.0,122.1,1.823854305268862
1231,1852,1640.0,127.1,1.973230285292742
1232,1852,1640.0,132.1,2.7673763611691284
1233,1852,1640.0,137.1,2.189827974381734
1234,1852,1640.0,142.1,1.9585847889087225
1235,1852,1640.0,147.1,1.9791677624768818
1236,1852,1640.0,152.1,1.6794042276080032
1237,1852,1407.0,106.4,2.2899259805882752
1238,1852,1407.0,111.4,1.9982887639210742
1239,1852,1407.0,116.4,1.9661827168055401
1240,1623,1852.0,98.2,4.121728626414306
1241,1623,1852.0,103.2,4.192561473554337
1242,1623,1852.0,108.2,5.006657946811909
1243,1623,1852.0,113.2,6.510062701994859
1244,1623,76.0,117.0,5.575697217378421
1245,1623,76.0,122.0,7.66271752637938
1246,1623,76.0,127.0,8.320490098585834
1247,1623,76.0,132.0,8.966150975192575
1248,1623,11.0,133.9,6.791526537533186
1249,1623,11.0,138.9,6.8724848437766735
1250,1623,11.0,143.9,6.867407470277605
1251,1623,11.0,148.9,7.778302043042817
1252,1623,3.0,150.5,10.730531965805131
1253,1623,2076.0,155.2,1.1202639518038668
1254,1623,2076.0,160.2,1.1786570433624453
1255,1623,2076.0,165.2,
1256,2047,1836.0,102.1,4.901256391099626
1257,2047,1836.0,107.1,5.599864203968347
1258,2047,1836.0,112.1,6.3457894356186335
1259,2047,1836.0,117.1,6.636310362996143
1260,2047,1852.0,119.3,2.3485751499677776
1261,2047,1852.0,124.3,1.8758740792167672
1262,2047,1852.0,129.3,1.6062385941332482
1263,2047,1852.0,134.3,1.4908498134748562
1264,2047,1852.0,139.3,1.3973445182891748
1265,2047,1852.0,144.3,1.1483140355775598
1266,2047,1852.0,149.3,0.47986459502407436
1267,2047,1852.0,154.3,0.4825582775567129
1268,2076,1623.0,103.5,4.583935130213145
1269,2076,1623.0,108.5,4.997252066749888
1270,2076,1623.0,113.5,7.485983697134191
1271,2076,1852.0,117.0,3.518737927320075
1272,2076,2047.0,119.3,7.26920504862847
1273,2076,2047.0,124.3,8.036863536449511
1274,2076,1836.0,125.1,1.2570080120583305
1275,2076,1836.0,130.1,2.146835705926281
1276,2076,1836.0,135.1,3.3743883232784633
1277,2076,1836.0,140.1,2.861483323952912
1278,2076,1836.0,145.1,2.9018900742982163
1279,2076,1836.0,150.1,3.1853822981365463
1280,2378,132.0,124.8,2.8497115258788654
1281,2378,132.0,129.8,3.705823063166672
1282,2378,132.0,134.8,4.517496358751121
1283,2378,132.0,139.8,5.674958348628337
1284,2378,17.0,140.2,4.229960850853438
1285,2378,17.0,145.2,3.1051122374168423
1286,2378,17.0,150.2,1.8212931549525255
1287,2378,2791.0,153.7,7.1193522269311895
1288,2378,2791.0,158.7,5.359820729625349
1289,2378,2791.0,163.7,5.009523461413365
1290,2378,2791.0,168.7,3.479080174889683
1291,2698,34.0,131.5,1.378876532987223
1292,2698,34.0,136.5,2.4388808099162667
1293,2698,34.0,141.5,3.9433219306138287
1294,2698,34.0,146.5,4.836568032145451
1295,2698,34.0,151.5,5.09217828952047
1296,2698,34.0,156.5,4.736935735580246
1297,2698,34.0,161.5,4.763634123373757
1298,2698,3096.0,163.8,1.3057659800400583
1299,2698,3096.0,168.8,1.0300483885499345
1300,2698,3096.0,173.8,0.9505223260220558
1301,2494,2047.0,131.5,3.8721887586537753
1302,2494,2047.0,136.5,2.3902422677132655
1303,2494,2047.0,141.5,1.95454271787754
1304,2494,2047.0,146.5,1.754816531741622
1305,2494,2047.0,151.5,1.5738258962236036
1306,2494,2047.0,156.5,0.29967512575833427
1307,2494,2047.0,161.5,0.20947104454636115
1308,2682,18.0,135.5,2.41374355889825
1309,2682,18.0,140.5,1.2708775036042634
1310,2682,18.0,145.5,1.6972159414833028
1311,2682,18.0,150.5,2.067565637995758
1312,2682,18.0,155.5,2.154434514926488
1313,2682,18.0,160.5,2.007986770614431
1314,2682,18.0,165.5,1.9928789826611242
1315,2682,18.0,170.5,2.0062566674697426
1316,2682,3335.0,175.6,0.5020396930721766
1317,2765,2076.0,136.1,0.8617967701442187
1318,2765,2076.0,141.1,1.119362651933277
1319,2765,2076.0,146.1,1.174233956788373
1320,2765,2076.0,151.1,1.1603647107232307
1321,2765,2791.0,138.4,8.00611917487716
1322,2765,2791.0,143.4,7.435459696248974
1323,2765,2791.0,148.4,6.685256035369039
1324,2765,2791.0,153.4,
1325,2765,1836.0,155.2,1.6674193100858674
1326,2765,1836.0,160.2,2.1627244761003226
1327,2765,1836.0,165.2,1.7613749717204588
1328,2791,2494.0,137.2,9.964288381439314
1329,2791,2076.0,138.4,5.924689776877833
1330,2791,2076.0,143.4,5.450935397926178
1331,2791,2076.0,148.4,4.729501672446377
1332,2791,2076.0,153.4,
1333,2791,17.0,153.7,7.130941501551136
1334,2791,1623.0,158.4,5.352927931262642
1335,2791,1623.0,163.4,5.580395529309805
1336,2791,1380.0,169.3,2.9108860137729726
1337,2791,1380.0,174.3,
1338,2849,2765.0,141.3,1.088559653902158
1339,2849,2765.0,146.3,0.6897930166884351
1340,2849,2765.0,151.3,0.6413598125746667
1341,2849,2765.0,156.3,0.5237072916385722
1342,2849,2765.0,161.3,0.7948862334884454
1343,2849,2765.0,166.3,0.645003332264823
1344,2849,2765.0,171.3,0.4858370806706845
1345,2849,2765.0,176.3,
1346,3019,2494.0,151.5,5.562931445911469
1347,3019,2494.0,156.5,5.736312645438854
1348,3019,2494.0,161.5,5.556048492129929
1349,3019,2494.0,166.5,4.533223135042105
1350,3096,2849.0,156.1,1.3902103076888037
1351,3096,2849.0,161.1,0.5799009670491436
1352,3096,2849.0,166.1,0.5138945578328926
1353,3096,2849.0,171.1,0.4898813315850036
1354,3096,2849.0,176.1,0.48765711984507254
1355,3305,34.0,168.1,2.7895495632269
1356,3305,34.0,173.1,2.0648891924229535
1357,3305,34.0,178.1,
1358,3335,3305.0,172.0,1.3297946652547468
1359,3335,3305.0,177.0,
1360,3445,2698.0,177.6,
