,id,leader_string,DTW string,time,string_number
0,76,90.0,57.37961166364121,5.0,
1,46,56.0,5.565322646306572,14.1,1.0
2,65,51.0,0.6811087482748484,23.6,
3,65,51.0,0.633698032306631,28.6,
4,65,51.0,0.7919460594263822,33.6,
5,209,51.0,15.758343618985126,33.6,
6,65,51.0,0.8986976412313097,38.6,
7,209,51.0,20.60947501072283,38.6,
8,65,51.0,0.5995019025970528,43.6,
9,209,51.0,24.34645297085656,43.6,
10,65,51.0,1.1527581937849676,48.6,
11,209,51.0,22.63379289564382,48.6,
12,818,742.0,0.7347892657120154,70.2,
13,818,742.0,0.47759769460300183,75.2,
14,1020,1040.0,0.5903461857703823,80.5,2.0
15,818,742.0,0.3112257353460418,85.2,
16,1020,1040.0,0.6085469584609875,85.5,
17,1041,1040.0,0.5499087559386149,85.5,
18,1115,1040.0,0.6953950139212708,85.5,
19,818,742.0,0.2440677703873288,90.2,
20,1020,1040.0,0.7303034485736914,90.5,
21,1041,1040.0,1.786482054138507,90.5,
22,1115,1040.0,2.7309696860919392,90.5,
23,1020,1040.0,0.5728255277771092,95.5,
24,1041,1040.0,1.5895006303731543,95.5,
25,1020,1040.0,0.6308250159753327,100.5,
26,1041,1040.0,1.1353615337226317,100.5,
27,1020,1040.0,0.49924802704439625,105.5,
28,1020,1040.0,0.7959431710349266,110.5,
29,1041,1040.0,1.1959324992658324,110.5,
30,1020,1040.0,1.445743696575807,115.5,3.0
31,1041,1040.0,1.8415641363459125,115.5,
32,1041,1020.0,1.697503676390493,120.7,
33,1788,2848.0,1.4075719357949679,122.3,
34,1041,1020.0,1.720059879890824,125.7,
35,1821,1675.0,0.41516594371820964,126.4,4.0
36,1788,2848.0,1.4141100203528014,127.3,
37,1041,1020.0,0.871030530107675,130.7,
38,1821,1675.0,0.7366787074480803,131.4,
39,1788,2848.0,1.7492056454404241,132.3,
40,2015,2006.0,0.7672922161573132,133.4,5.0
41,2019,2006.0,0.7705610482649858,133.4,
42,1041,1020.0,0.8506197711970085,135.7,6.0
43,1821,1675.0,1.2502189930988739,136.4,
44,1788,2848.0,1.2854022094075688,137.3,
45,2015,2006.0,0.5590819239356141,138.4,
46,2019,2006.0,0.4911083428263522,138.4,
47,1041,1020.0,1.1451492967478822,140.7,7.0
48,1821,1675.0,1.2781795686357285,141.4,
49,1788,2848.0,1.2823363054926373,142.3,8.0
50,2015,2006.0,0.4189161202034822,143.4,
51,2019,2006.0,0.22475020227100503,143.4,
52,1041,1020.0,1.1179009067448966,145.7,
53,1821,1675.0,0.8277573872118992,146.4,
54,1788,2848.0,1.1187603834316175,147.3,9.0
55,2015,2006.0,0.3430950973579942,148.4,
56,2019,2006.0,0.156864606970806,148.4,10.0
57,1041,1020.0,0.6633446987637207,150.7,
58,1821,1675.0,0.8076771336702239,151.4,
59,1788,2848.0,1.5087546677885129,152.3,
60,2015,2006.0,0.2899008101488418,153.4,
61,2019,2006.0,0.12238900686070762,153.4,
62,1041,1020.0,0.4568540345311192,155.7,11.0
63,2015,2006.0,1.0823355513354616,158.4,
64,2019,2006.0,0.7664527122943772,158.4,12.0
65,2348,1387.0,0.14233633005851465,160.4,
66,1041,1020.0,1.0680890512375185,160.7,
67,1788,2848.0,1.5152403636686422,162.3,
68,2015,2006.0,0.7723847825703983,163.4,
69,2019,2006.0,0.5712721764195684,163.4,
70,2348,1387.0,1.9801114265173259,165.4,
71,1041,1020.0,0.7220549233891304,165.7,
72,1788,2848.0,1.0525636791356952,167.3,
73,2015,2006.0,0.3718924492528073,168.4,
74,2019,2006.0,0.24818895631467033,168.4,13.0
75,1788,2848.0,1.074968205988819,172.3,
76,2015,2006.0,0.45987919166677893,173.4,
77,2348,1387.0,1.6005843231329901,175.4,
78,1788,2848.0,1.4139427309582369,177.3,14.0
79,2015,2006.0,0.7800008825381844,178.4,
80,1020,2383.0,0.4692010753204353,179.4,
81,2348,1387.0,0.45541433849053486,180.4,
82,1115,2520.0,0.21196385822461442,182.1,
83,1020,2383.0,0.40515975022025685,184.4,15.0
84,2348,1387.0,1.1774926395493686,185.4,
85,2848,751.0,1.7699684172675694,186.9,
86,1115,2520.0,0.3453144190911902,187.1,16.0
87,1020,2383.0,0.45488205221958466,189.4,
88,2348,1387.0,2.2095734256202224,190.4,17.0
89,1115,2520.0,0.40432678240952974,192.1,17.0
90,2691,2520.0,0.38222792522800714,192.1,17.0
91,751,2520.0,0.09921202964464915,192.1,
92,2348,1387.0,2.3736918780912095,195.4,18.0
93,1115,2520.0,0.4274523931126508,197.1,
94,2691,2520.0,1.052047561508102,197.1,19.0
95,751,2520.0,0.45255250056781104,197.1,19.0
96,2348,1387.0,2.7607204108734935,200.4,19.0
97,1115,2520.0,0.38442459791251804,202.1,
98,751,2691.0,0.6210521358780866,202.3,
99,1115,2520.0,0.39305844363050896,207.1,20.0
100,751,2691.0,0.8252935712894005,207.3,20.0
101,2848,3022.0,0.7249011641704672,208.0,
102,3022,2922.0,0.22005252756696267,209.7,
103,1115,2520.0,0.5018811755988757,212.1,
104,751,2691.0,0.5370791449861426,212.3,
105,3022,2922.0,0.25265122169815274,214.7,
106,2394,2348.0,0.6052866553430585,214.9,21.0
107,751,2691.0,0.6474876230388759,217.3,21.0
108,3022,2922.0,0.25776259900291676,219.7,
109,2394,2348.0,0.5342447506879895,219.9,
110,3022,2922.0,0.23532371284910453,224.7,
111,2394,2348.0,0.384884850220733,224.9,
112,3022,2922.0,0.24376114793637252,229.7,
113,2394,2348.0,0.4774698601872286,229.9,22.0
114,3698,3593.0,0.5342163278869931,231.5,
115,3022,2922.0,0.24689350261281662,234.7,
116,2394,2348.0,0.5944950286947962,234.9,
117,2006,3698.0,1.1156724239919449,235.2,
118,3698,3593.0,0.46399296014188135,236.5,
119,1788,3476.0,1.3369169218074093,239.1,
120,3022,2922.0,0.08529609127661027,239.7,23.0
121,2394,2348.0,0.25095314677878866,239.9,23.0
122,3698,3593.0,0.38951196421910095,241.5,
123,2670,4020.0,1.0025912895581983,243.2,
124,1788,3476.0,1.130084783426143,244.1,
125,2394,2348.0,0.44673234766352665,244.9,
126,3698,3593.0,0.5134804167956519,246.5,
127,2670,4020.0,0.41219637686612615,248.2,24.0
128,3251,3143.0,0.541490327439025,249.0,24.0
129,2394,2348.0,0.6477451799413693,249.9,
130,2006,3698.0,1.455412713967154,250.2,
131,3698,3593.0,0.66697181612394,251.5,
132,4020,2442.0,0.5519724371856584,253.2,
133,2670,2442.0,0.5346533527146697,253.2,
134,3251,3143.0,0.3873554611429212,254.0,
135,2394,2348.0,0.29862235826202554,254.9,
136,2006,3698.0,0.5416385063571044,255.2,25.0
137,3698,3593.0,0.3518469326131059,256.5,
138,4020,2442.0,0.7751680820129889,258.2,
139,2670,2442.0,1.0665730097024348,258.2,
140,3251,3143.0,0.4762343701511648,259.0,
141,2394,2348.0,0.5519969809119516,259.9,26.0
142,2006,3698.0,1.2710911662698523,260.2,
143,3698,3593.0,1.021271358171472,261.5,
144,4020,2442.0,0.7723903834670883,263.2,
145,2670,2442.0,0.8508617677021417,263.2,
146,3251,3143.0,0.3809782705694726,264.0,27.0
147,2394,2348.0,0.5487735230044262,264.9,
148,2006,3698.0,1.5158903685236467,265.2,
149,3698,3593.0,0.988488366018135,266.5,28.0
150,2857,4347.0,0.21322178767997368,267.8,
151,2670,4020.0,0.5357780954513667,268.2,
152,2670,4020.0,0.9594036067272661,273.2,
153,2670,4020.0,1.4666255792603244,278.2,29.0
154,4947,3480.0,2.113869966661616,294.6,
155,2245,3480.0,2.7364310006049894,294.6,
156,1788,5403.0,1.136043804448188,304.5,
157,2006,5416.0,4.03326821574925,305.2,30.0
158,1788,5403.0,0.3233295420107397,309.5,
159,4209,5465.0,0.39010808065390234,314.0,
160,1788,5403.0,0.16364939806715642,314.5,31.0
161,4209,5465.0,0.4444328214589719,319.0,
162,1788,5403.0,0.3956628339696589,319.5,
163,5403,4209.0,0.12197268770146232,324.5,
164,1788,4209.0,0.6301608811120664,324.5,32.0
165,2348,4681.0,0.9325145029680767,327.0,
166,2348,4681.0,1.3358369238896541,332.0,33.0
167,2006,5724.0,2.095490021523399,335.9,33.0
168,2348,4681.0,1.1122521388599025,337.0,
169,5724,5668.0,2.2769896162579006,340.9,
170,2006,5668.0,2.7251565305129817,340.9,
171,2348,4681.0,1.5127437371934704,342.0,34.0
172,2348,5002.0,5.687777474895069,345.4,
173,2006,5724.0,3.16902225251485,345.9,
174,2348,4681.0,1.3977843528467333,347.0,
175,290,5036.0,0.20680991110404423,348.5,35.0
176,3143,5379.0,0.26606884272122633,350.0,
177,2348,5002.0,6.263571814930423,350.4,
178,2006,4746.0,1.5154690568706963,351.6,
179,4681,4746.0,1.780441976822055,351.6,36.0
180,2348,4746.0,1.686700166250964,351.6,
181,5379,5131.0,0.364317124587028,353.3,37.0
182,290,5036.0,0.2479033156108852,353.5,37.0
183,2006,4746.0,0.6685429921375948,356.6,
184,4681,4746.0,0.9609530209483791,356.6,
185,2348,4746.0,0.9335775591277459,356.6,
186,5379,5131.0,1.0939284004973793,358.3,38.0
187,290,5036.0,0.3030827759953612,358.5,
188,2006,4746.0,0.9045948499188824,361.6,
189,4681,4746.0,0.962519863170004,361.6,
190,2348,4746.0,0.7878365976752387,361.6,39.0
191,2006,4746.0,0.8844656292405294,366.6,
192,4681,4746.0,0.5676903320680392,366.6,
193,2348,51.0,1.0135331466470106,370.0,
194,2006,4746.0,0.6734077564264881,371.6,40.0
195,4681,4746.0,0.6144400929675675,371.6,
196,5036,5222.0,1.343594563223289,374.7,41.0
197,2348,51.0,1.4296239449362442,375.0,41.0
198,2006,4746.0,0.9942947946436075,376.6,
199,4681,4746.0,1.5938006782725094,376.6,
200,5036,5222.0,3.34706113262433,379.7,
201,5131,849.0,0.5912203201245421,380.2,42.0
202,2006,4746.0,0.6266824516343755,381.6,
203,4681,4746.0,0.8701880895963402,381.6,
204,2006,4746.0,0.49079888905551294,386.6,
205,2006,4746.0,0.7067004230123942,391.6,43.0
206,2006,4746.0,0.15856347694466844,396.6,
207,5131,849.0,0.9741496406197769,400.2,
208,2006,4746.0,0.39251742133842915,401.6,
209,2394,2348.0,0.2581390635205287,404.9,44.0
210,2006,4746.0,0.28375305239268506,406.6,
211,5379,5253.0,6.2977955723262316,407.8,
212,2394,2348.0,0.4457682591768848,409.9,45.0
213,849,893.0,1.3086354951839803,410.3,45.0
214,2006,4746.0,0.5783611209067391,411.6,
215,2394,2348.0,0.17371133009831047,414.9,
216,849,893.0,1.111537258564538,415.3,
217,2006,4746.0,0.3111898153981938,416.6,
218,849,893.0,0.6962376714254235,420.3,
219,2006,4746.0,0.7604866530981726,421.6,
220,6746,6858.0,0.18431597051421458,423.5,46.0
221,849,893.0,0.9649835591005997,425.3,
222,2006,4746.0,0.22715536701273203,426.6,
223,6858,7107.0,0.7498725999233874,428.0,47.0
224,6746,7107.0,0.7003140022414234,428.0,
225,849,893.0,1.1883811772904673,430.3,
226,2006,4746.0,0.29712092854180844,431.6,
227,6858,7107.0,0.5919865745900955,433.0,48.0
228,6746,7107.0,0.48684076945721166,433.0,
229,849,893.0,0.7089779812993552,435.3,
230,2006,4746.0,0.30526474174349105,436.6,49.0
231,6858,7107.0,0.5193238875477117,438.0,49.0
232,6746,7107.0,0.5548641215196976,438.0,
233,849,893.0,0.7861270828546936,440.3,
234,4746,5342.0,0.3197253104157553,441.1,
235,2006,5342.0,0.22664535638102362,441.1,
236,6858,7107.0,0.6134067333350678,443.0,
237,6746,7107.0,0.6145732379767528,443.0,50.0
238,849,893.0,0.8194024761276174,445.3,
239,4746,5342.0,0.49555778579522386,446.1,
240,2006,5342.0,0.24065989685050196,446.1,
241,849,893.0,0.5387535869564711,450.3,
242,4746,5342.0,0.5476856668449859,451.1,
243,2006,5342.0,0.4623765008608743,451.1,
244,849,893.0,0.5478584014558151,455.3,
245,4746,5342.0,0.2135187313796907,456.1,
246,849,893.0,1.0848804567476285,460.3,51.0
247,4746,5342.0,0.21321395692928716,461.1,51.0
248,2006,5342.0,0.13670236519214798,461.1,
249,101,87.0,0.9477046174824969,15.0,
250,71,87.0,3.591271994024213,15.0,
251,74,80.0,1.0602207220498823,15.0,
252,79,80.0,0.792796762710614,15.0,52.0
253,101,87.0,0.6191888478877864,20.0,
254,74,80.0,0.9312448020205152,20.0,53.0
255,79,80.0,1.1040851576874071,20.0,
256,53,80.0,1.857160773392899,20.0,
257,62,65.0,0.6164302655199684,20.4,
258,50,62.0,2.7928192994274372,24.3,
259,101,87.0,0.5885830377698177,25.0,
260,79,74.0,0.22582885297218636,25.0,54.0
261,53,74.0,0.8763431287913462,25.0,
262,65,74.0,0.9211722109709133,25.0,
263,62,74.0,1.4336814716502866,25.0,55.0
264,235,244.0,1.4759935447157722,26.7,55.0
265,50,62.0,4.786510397246261,29.3,
266,101,87.0,1.4012060515401703,30.0,
267,79,74.0,0.4690072105135687,30.0,
268,53,74.0,0.9690461498713401,30.0,
269,65,74.0,0.8444716195618855,30.0,56.0
270,62,74.0,1.2742634047379149,30.0,
271,235,244.0,0.9593186510407496,31.7,57.0
272,50,62.0,5.800057218463565,34.3,
273,79,74.0,0.233699125952966,35.0,
274,53,74.0,0.816259366830735,35.0,
275,65,74.0,0.7151915921073378,35.0,
276,62,74.0,1.4814993037458506,35.0,
277,50,62.0,6.966117133261967,39.3,
278,101,87.0,1.5293482937847314,40.0,58.0
279,79,74.0,0.3886086143908738,40.0,
280,65,53.0,0.3337010467327231,40.4,
281,62,53.0,0.4657741340779531,40.4,59.0
282,101,87.0,0.41617545365056247,45.0,59.0
283,79,74.0,0.32935501492280994,45.0,
284,65,53.0,0.35719119669158444,45.4,
285,62,53.0,0.6329514531704078,45.4,
286,101,87.0,0.49256051776597215,50.0,
287,79,74.0,0.3763518221327113,50.0,
288,65,53.0,0.3459340368863651,50.4,
289,62,53.0,0.5578011133499162,50.4,
290,53,51.0,0.6983463912884916,52.6,
291,101,87.0,0.7548123725352597,55.0,
292,79,74.0,0.2940141679994126,55.0,
293,62,65.0,0.55634632731766,55.4,
294,53,51.0,0.15180237791007667,57.6,
295,79,74.0,0.5836331606786873,60.0,
296,62,65.0,0.37437753249433287,60.4,
297,53,51.0,0.41598935804696424,62.6,60.0
298,79,74.0,0.27452240642962433,65.0,
299,62,65.0,1.201601169527372,65.4,
300,53,51.0,0.36947673737363473,67.6,61.0
301,101,87.0,1.4313059922852902,70.0,
302,79,74.0,0.3508248131134663,70.0,
303,62,65.0,0.6042358329234635,70.4,
304,53,51.0,0.32899220964038217,72.6,
305,101,87.0,0.6170879431293722,75.0,
306,79,74.0,0.2949600352787377,75.0,
307,62,65.0,0.6464109928141843,75.4,62.0
308,53,51.0,0.7941328083915479,77.6,
309,101,87.0,0.4862451762737586,80.0,
310,79,74.0,0.2175628807712214,80.0,
311,62,65.0,0.6855325712457254,80.4,
312,53,51.0,0.7457071988838289,82.6,
313,101,87.0,0.7718410891450292,85.0,
314,79,74.0,0.20485807992826258,85.0,
315,62,65.0,0.6526220843398227,85.4,63.0
316,53,51.0,0.3517159162731254,87.6,
317,101,87.0,1.520176509514279,90.0,
318,79,74.0,0.399632481770638,90.0,
319,62,65.0,0.44137150315071344,90.4,64.0
320,53,51.0,0.3111262892880105,92.6,
321,101,87.0,1.6009140524495704,95.0,
322,79,74.0,0.2649301967437896,95.0,
323,62,65.0,1.0819347672251431,95.4,65.0
324,53,51.0,0.3099198713021313,97.6,
325,101,87.0,1.1596973818973835,100.0,
326,79,74.0,0.22725608296435731,100.0,
327,62,65.0,0.37727138556794143,100.4,
328,53,51.0,0.5754365029653534,102.6,
329,101,87.0,0.5656040369333524,105.0,66.0
330,79,74.0,0.5062643683095912,105.0,
331,62,65.0,0.12943255668814205,105.4,
332,53,51.0,0.6964703322066779,107.6,
333,101,87.0,0.6297173556960092,110.0,
334,79,74.0,0.4643991770489894,110.0,
335,62,65.0,0.4129420910613353,110.4,
336,53,51.0,0.5043653899213425,112.6,67.0
337,101,87.0,0.6153259562029388,115.0,
338,79,74.0,0.44511664923878674,115.0,
339,712,1620.0,0.8467484941687207,115.3,
340,62,65.0,0.5755279408995821,115.4,
341,53,51.0,0.5949661172458888,117.6,
342,101,87.0,0.9163547464418054,120.0,
343,79,74.0,0.4316366760128247,120.0,
344,712,1620.0,0.8868042013289035,120.3,
345,62,65.0,0.15332959809913346,120.4,68.0
346,53,51.0,0.9894282528937778,122.6,
347,101,87.0,1.2562409498266967,125.0,
348,79,74.0,0.42390316058199073,125.0,
349,712,1620.0,1.3591263947266548,125.3,
350,62,65.0,0.29955557962737844,125.4,
351,53,51.0,0.5470506821946627,127.6,69.0
352,101,87.0,1.0852347358173833,130.0,
353,79,74.0,0.4723528143283788,130.0,
354,712,1620.0,1.0916136249832882,130.3,
355,62,65.0,0.4109730494472905,130.4,70.0
356,53,51.0,0.6542976071518424,132.6,
357,101,87.0,0.9543792611735638,135.0,71.0
358,79,74.0,0.17219311060978415,135.0,
359,712,1620.0,1.4485159043266573,135.3,
360,62,65.0,0.3082286351074216,135.4,
361,53,51.0,0.6639440411257035,137.6,
362,101,87.0,0.958311019521802,140.0,
363,79,74.0,0.2547411510203164,140.0,
364,712,1620.0,0.9502345347027188,140.3,
365,62,65.0,0.28664250859653645,140.4,
366,53,51.0,0.4916089240784776,142.6,72.0
367,101,87.0,0.9592306934615782,145.0,
368,79,74.0,0.2815723228375486,145.0,
369,712,1620.0,0.878993726925631,145.3,
370,62,65.0,0.5474218772960474,145.4,
371,53,51.0,0.49490315703640325,147.6,
372,101,87.0,1.1488510653622217,150.0,73.0
373,79,74.0,0.378685284182329,150.0,
374,712,1620.0,1.5442425934833175,150.3,
375,62,65.0,0.3756968926723127,150.4,
376,53,51.0,0.5826759724246786,152.6,
377,101,87.0,0.7543176174538669,155.0,
378,79,74.0,0.40882040871953673,155.0,
379,712,1620.0,1.0552124722309557,155.3,74.0
380,62,65.0,0.27612469037075205,155.4,74.0
381,53,51.0,0.580338837957846,157.6,74.0
382,101,87.0,0.6774317442666832,160.0,
383,79,74.0,0.6348061304559468,160.0,
384,712,1620.0,0.8815974565878608,160.3,
385,62,65.0,0.3003898170903278,160.4,
386,53,51.0,0.4897322968544724,162.6,
387,101,87.0,0.935487438464212,165.0,
388,79,74.0,0.40150668441327536,165.0,
389,712,1620.0,0.10282297199713909,165.3,
390,62,65.0,0.37952221360348976,165.4,
391,53,51.0,1.0659028046676828,167.6,
392,79,74.0,0.41995215941086833,170.0,
393,712,1620.0,0.3506500688319311,170.3,
394,62,65.0,0.4001450216566505,170.4,
395,53,51.0,0.5803181814983297,172.6,75.0
396,101,87.0,1.436678649623895,175.0,
397,79,74.0,0.34489622592718483,175.0,
398,712,1620.0,0.4614954567448754,175.3,
399,62,65.0,0.5086155691208277,175.4,
400,53,51.0,0.9005823463115413,177.6,
401,101,87.0,1.395552177724979,180.0,76.0
402,79,74.0,0.4048654848583479,180.0,76.0
403,712,1620.0,0.43844146406357576,180.3,76.0
404,62,65.0,0.5434052484451776,180.4,
405,53,51.0,0.9069844413620037,182.6,
406,101,87.0,1.3925740720963184,185.0,
407,79,74.0,0.22981894704333317,185.0,
408,712,1620.0,0.46890662950706274,185.3,
409,62,65.0,0.29782362638446097,185.4,
410,53,51.0,0.69964009505722,187.6,
411,79,74.0,0.41287640687086424,190.0,
412,712,1620.0,0.8495286993252754,190.3,
413,62,65.0,0.2643848213600716,190.4,
414,53,51.0,0.9972142597197661,192.6,
415,101,87.0,1.3918791407185522,195.0,
416,79,74.0,0.17667885121514446,195.0,77.0
417,712,1620.0,0.8647913144032734,195.3,
418,62,65.0,0.4283537796805801,195.4,
419,53,51.0,1.4459101166183181,197.6,
420,101,87.0,0.8909747115572609,200.0,
421,79,74.0,0.2791934537616388,200.0,
422,712,1620.0,0.9129581896679357,200.3,78.0
423,62,65.0,0.4541049549039071,200.4,
424,53,51.0,0.4529787239406621,202.6,
425,101,87.0,0.3197564489566122,205.0,79.0
426,79,74.0,0.15920285378088128,205.0,
427,712,1620.0,0.9349491152299474,205.3,
428,62,65.0,0.21398425979858235,205.4,
429,53,51.0,1.1775795467492443,207.6,
430,1303,2474.0,0.4352787960950721,207.8,
431,101,87.0,0.32635903292575724,210.0,
432,79,74.0,0.16761762124275684,210.0,
433,712,1620.0,0.7391950661891182,210.3,
434,62,65.0,0.6781817059459628,210.4,
435,53,51.0,1.028289675425313,212.6,
436,549,2735.0,4.1178301077599855,213.3,
437,101,87.0,0.5961215848045421,215.0,
438,79,74.0,0.2700730475083032,215.0,
439,712,1620.0,1.0176999666624431,215.3,
440,62,65.0,0.2845792967830296,215.4,
441,53,51.0,0.6414480433231182,217.6,
442,549,2735.0,4.906828204047516,218.3,
443,101,87.0,0.6810608003573114,220.0,
444,79,74.0,0.13129520920193097,220.0,80.0
445,712,1620.0,0.9249662247255896,220.3,
446,62,65.0,0.38259256103495554,220.4,
447,1885,2000.0,2.82814097218164,221.1,81.0
448,53,51.0,1.3812891579347664,222.6,
449,549,2735.0,6.441432113156602,223.3,
450,101,87.0,0.5775535137721347,225.0,
451,79,74.0,0.1614385991765502,225.0,
452,712,1620.0,1.0604315544168401,225.3,
453,62,65.0,0.5054344165810519,225.4,
454,1885,2000.0,3.2116458317230903,226.1,82.0
455,53,51.0,1.04728880916047,227.6,
456,1989,2245.0,3.7931407277713767,227.8,
457,101,87.0,0.4049040356257839,230.0,
458,79,74.0,0.4049079803748654,230.0,
459,712,1620.0,0.7054665418916741,230.3,
460,62,65.0,0.30916456291745886,230.4,83.0
461,1885,2000.0,0.7934677980211444,231.1,
462,53,51.0,0.8834142474744684,232.6,
463,74,364.0,0.604443223299561,232.7,
464,1989,2245.0,6.887491836130416,232.8,
465,101,87.0,0.47684930789281804,235.0,
466,79,74.0,0.30673982636356284,235.0,
467,712,1620.0,0.6971767853196273,235.3,
468,62,65.0,0.3037863898270516,235.4,
469,1885,2000.0,0.7455509435233868,236.1,84.0
470,53,51.0,1.0157396175775302,237.6,
471,74,364.0,0.7912413500935668,237.7,
472,1989,2245.0,9.477088341401544,237.8,85.0
473,101,87.0,0.6026252255454584,240.0,
474,79,74.0,0.32762073231081035,240.0,
475,712,1620.0,0.6907846318484505,240.3,
476,62,65.0,0.46899172596663785,240.4,
477,1885,2000.0,1.0829571147793586,241.1,
478,53,51.0,0.7120622233559735,242.6,
479,74,364.0,0.4525860911467632,242.7,
480,101,87.0,0.15792453864187764,245.0,
481,79,74.0,0.4268968429081079,245.0,
482,712,1620.0,0.2135335661485934,245.3,
483,62,65.0,0.35983119922275186,245.4,
484,53,51.0,0.7400966157272825,247.6,86.0
485,101,87.0,0.7204216162522022,250.0,
486,79,74.0,0.3365426629411053,250.0,87.0
487,712,1620.0,0.6323123762679341,250.3,
488,62,65.0,0.35132508744482693,250.4,
489,53,51.0,0.80943548518603,252.6,
490,101,87.0,0.5199673470375701,255.0,
491,79,74.0,0.29620915315341745,255.0,
492,62,65.0,0.26758595586465883,255.4,
493,53,51.0,0.5805452452727926,257.6,88.0
494,101,87.0,0.5999505367245029,260.0,
495,79,74.0,0.20683699381488493,260.0,
496,62,65.0,0.1603693696207282,260.4,
497,53,51.0,1.4274780112179448,262.6,
498,101,87.0,0.6380409808058295,265.0,
499,79,74.0,0.1290340633625977,265.0,
500,62,65.0,0.6962099276712047,265.4,
501,549,4472.0,0.6631927233600923,267.3,
502,53,51.0,2.742168750071669,267.6,
503,101,87.0,1.1262298115376097,270.0,
504,79,74.0,0.45526973660383613,270.0,
505,62,65.0,0.5667525632229824,270.4,
506,549,4472.0,2.104015640074975,272.3,89.0
507,53,51.0,2.4160168079962316,272.6,
508,79,74.0,0.4374698905473257,275.0,90.0
509,62,65.0,0.5400409318574731,275.4,
510,549,4472.0,3.0895712271848095,277.3,
511,53,51.0,2.485471263474372,277.6,
512,79,74.0,0.3375888423446038,280.0,
513,62,65.0,0.7457597600275391,280.4,
514,549,4472.0,2.5141580020986787,282.3,
515,53,51.0,3.0545653378816895,282.6,
516,79,74.0,0.33659649574868705,285.0,
517,62,65.0,0.44124571200380586,285.4,
518,79,74.0,0.34238198390057084,290.0,
519,65,53.0,0.5137767441962051,290.4,
520,62,53.0,0.9627896404883474,290.4,
521,101,3593.0,0.6163849296339186,290.8,
522,549,4472.0,3.7326833373146395,292.3,
523,79,74.0,0.34033557578327794,295.0,
524,65,53.0,0.46550836695482356,295.4,
525,62,53.0,0.5275691951839843,295.4,
526,101,3593.0,0.8138767264606527,295.8,91.0
527,79,74.0,0.2967512452735825,300.0,
528,62,65.0,0.5110507230157608,300.4,92.0
529,101,3593.0,0.6442217015631088,300.8,
530,79,74.0,0.2088595010465102,305.0,
531,62,65.0,0.6493283506848798,305.4,
532,80,5416.0,1.896122544768919,308.9,
533,79,74.0,0.17478186553166006,310.0,
534,62,65.0,0.6161582433621332,310.4,
535,80,5416.0,1.9302251666433832,313.9,
536,79,74.0,0.14308711215811584,315.0,
537,62,65.0,0.32352426422601605,315.4,
538,51,5188.0,4.467527568565613,317.0,
539,74,80.0,1.2270293868312698,320.0,
540,79,80.0,1.4854598360156828,320.0,
541,62,65.0,0.2557182884207118,320.4,
542,79,74.0,0.21440477779530834,325.0,
543,62,65.0,0.4150588897522428,325.4,
544,79,74.0,0.20246359708294934,330.0,
545,62,65.0,0.34588824591838685,330.4,
546,969,549.0,1.5179743297193924,331.5,
547,79,74.0,0.20765822696410335,335.0,93.0
548,62,65.0,0.5842708397844772,335.4,
549,549,3307.0,1.48783863088672,336.1,94.0
550,969,3307.0,2.229626222781611,336.1,
551,79,74.0,0.22993772243747704,340.0,
552,62,65.0,0.7594667312686854,340.4,
553,3307,3147.0,1.1938068888467315,341.1,
554,549,3147.0,2.2297499958094527,341.1,95.0
555,969,3147.0,2.2709351694960906,341.1,
556,5568,1961.0,0.2982511869625661,343.7,
557,79,74.0,0.18715679098641527,345.0,
558,62,65.0,0.31221210178678876,345.4,
559,3307,3147.0,1.1065102905467625,346.1,
560,549,3147.0,2.8326170943219577,346.1,
561,969,3147.0,2.3905080706745814,346.1,
562,79,74.0,0.21278446408908547,350.0,
563,62,65.0,0.6390109177346647,350.4,
564,3307,3147.0,0.8818932755747326,351.1,
565,549,3147.0,3.5319481197702807,351.1,
566,969,3147.0,3.210056019466599,351.1,
567,62,65.0,0.9705371376966939,355.4,
568,549,6031.0,3.9997331754033905,355.7,
569,3307,3147.0,0.6346642637664445,356.1,
570,62,65.0,0.7740401455195737,360.4,
571,549,6031.0,5.5175955527073555,360.7,
572,3307,3147.0,0.4500807835038876,361.1,96.0
573,62,65.0,0.8457291590763126,365.4,
574,549,6031.0,7.976354143437245,365.7,97.0
575,3147,5082.0,1.1961939518064357,366.1,
576,3307,5082.0,0.7544789453147885,366.1,98.0
577,62,65.0,0.9413258832857323,370.4,
578,3307,3147.0,0.5960590338650277,371.1,99.0
579,62,65.0,0.9017616560507244,375.4,
580,3307,3147.0,0.6493566694889278,376.1,
581,62,65.0,0.8649210530597279,380.4,
582,3307,3147.0,0.5686879666421161,381.1,
583,62,65.0,0.5181001526572098,385.4,
584,3307,3147.0,0.49662763528315296,386.1,
585,3251,235.0,0.651719176370375,386.8,
586,62,65.0,0.6140485646014134,390.4,
587,3251,235.0,1.1383057212031533,391.8,
588,3147,893.0,2.509746505435361,392.4,
589,62,65.0,0.33124672389141435,395.4,
590,3251,235.0,1.6962335051804018,396.8,
591,3147,893.0,1.453301171235626,397.4,
592,62,65.0,0.36421233508110046,400.4,
593,5131,1169.0,1.0878545076896804,412.9,100.0
594,5131,1169.0,0.9014540124803295,417.9,
595,5131,1169.0,0.851494234641438,422.9,
596,5131,1169.0,1.167633643498399,427.9,
597,6948,6880.0,0.536018368647052,431.5,
598,6925,6946.0,0.3730371914748668,432.5,101.0
599,6880,7257.0,0.7881347093247575,433.1,
600,7038,7274.0,0.7368399571658542,433.9,102.0
601,7269,7316.0,0.4805365198620601,435.7,
602,6880,7257.0,0.8357313663554693,438.1,
603,3147,4041.0,0.7412666976445327,438.4,
604,7038,7274.0,1.0223151516825508,438.9,103.0
605,6561,6661.0,0.4170606711543408,440.4,
606,6880,7257.0,0.6837976467774867,443.1,
607,3147,4041.0,0.7255231743582948,443.4,
608,6561,6661.0,0.4243059761385072,445.4,
609,6880,7257.0,0.6832301759486348,448.1,
610,3147,4041.0,0.7422904369097849,448.4,
611,7038,7274.0,0.5144738741987561,448.9,104.0
612,6561,6661.0,0.9507390868434618,450.4,
613,7560,7638.0,0.23269970546296379,452.7,
614,6880,7257.0,0.5052687362999325,453.1,
615,3147,4041.0,0.6874340059743693,453.4,
616,7038,7274.0,0.6895640125618555,453.9,105.0
617,6561,6661.0,0.5194611701885491,455.4,
618,6880,7257.0,0.29818171304426994,458.1,
619,3147,4041.0,0.5585723030489602,458.4,
620,7038,7274.0,0.6614854188770617,458.9,
621,7038,6872.0,0.6982973170509006,459.2,
622,6561,6661.0,0.46601102660966387,460.4,106.0
623,42,48.0,0.5427236151050201,14.4,
624,95,93.0,0.45404075773101504,15.0,
625,98,93.0,0.5219213939645281,15.0,
626,81,93.0,0.6214471314693933,15.0,107.0
627,73,93.0,0.718296526080546,15.0,
628,78,93.0,1.0151170039788129,15.0,
629,70,93.0,1.2493129387435462,15.0,
630,48,47.0,1.423414107075132,15.9,
631,95,93.0,0.4648741842973549,20.0,
632,98,93.0,0.6220721906119614,20.0,
633,81,93.0,0.5856970032358408,20.0,108.0
634,73,93.0,1.2437679850580654,20.0,
635,78,93.0,1.5699325248242417,20.0,
636,70,93.0,1.2830984702571169,20.0,
637,95,93.0,0.49269122424298667,25.0,
638,98,93.0,0.7191590133996534,25.0,109.0
639,81,93.0,0.621247243272777,25.0,
640,73,93.0,1.2050840649616295,25.0,
641,78,93.0,2.270838902198871,25.0,
642,70,93.0,1.8984768770668692,25.0,
643,95,93.0,0.39270198845928345,30.0,
644,98,93.0,0.6150211159541544,30.0,
645,81,93.0,0.7771998208954538,30.0,110.0
646,73,93.0,1.143693404093118,30.0,
647,78,93.0,1.94624695166758,30.0,111.0
648,70,93.0,2.407830260696758,30.0,
649,1,42.0,0.5173601163328231,34.4,112.0
650,95,93.0,0.2779645189576668,35.0,
651,98,93.0,0.5139041845329938,35.0,
652,81,93.0,0.7987755151360079,35.0,
653,73,93.0,0.9052009722151224,35.0,
654,78,93.0,1.1280045818323663,35.0,113.0
655,70,93.0,1.3076865885542739,35.0,113.0
656,1,42.0,0.43208436405387307,39.4,
657,95,93.0,0.3498897759832894,40.0,
658,98,93.0,0.45934922457792826,40.0,
659,81,93.0,0.37382560873265286,40.0,
660,73,93.0,0.07804342470905662,40.0,114.0
661,78,93.0,0.09335542504873504,40.0,
662,70,93.0,1.3661326998370762,40.0,
663,1,42.0,0.42069249536603265,44.4,
664,95,93.0,0.1999200194151018,45.0,
665,98,93.0,0.4088430460649246,45.0,
666,81,93.0,0.36677074576376884,45.0,115.0
667,73,93.0,0.10694276797341062,45.0,
668,78,93.0,0.43319910911379955,45.0,116.0
669,1,42.0,0.5045192517409223,49.4,
670,95,93.0,0.22465655226512207,50.0,
671,98,93.0,0.40202509399425096,50.0,117.0
672,81,93.0,0.38621234687436995,50.0,
673,73,93.0,0.49706175823571896,50.0,
674,78,93.0,0.49857740531021344,50.0,
675,1,42.0,0.751812000002518,54.4,
676,95,93.0,0.3907524135568897,55.0,
677,98,93.0,0.1926363206098278,55.0,118.0
678,81,93.0,0.04052319366673601,55.0,118.0
679,73,93.0,0.4982885344286556,55.0,
680,78,93.0,0.49235234465560807,55.0,
681,1,42.0,1.0836291098718502,59.4,
682,95,93.0,0.3442034355183416,60.0,119.0
683,98,93.0,0.13650753569073973,60.0,
684,81,93.0,0.0851585645838842,60.0,
685,73,93.0,0.5105702434430193,60.0,
686,78,93.0,0.4921542902471388,60.0,120.0
687,1,42.0,0.36847188792216706,64.4,
688,95,93.0,0.3640383667590936,65.0,121.0
689,98,93.0,0.13410069769104252,65.0,
690,81,93.0,0.14820123276438185,65.0,
691,73,93.0,0.541312319696365,65.0,
692,78,93.0,0.5069416945155024,65.0,
693,1,42.0,0.2779031248528399,69.4,122.0
694,95,93.0,0.3364774199387923,70.0,
695,98,93.0,0.3578961726976393,70.0,
696,81,93.0,0.0774210395539012,70.0,
697,73,93.0,0.5307354152891395,70.0,
698,78,93.0,0.49892285488322885,70.0,
699,849,949.0,0.36189503729766664,74.1,
700,1,42.0,0.23659979190791317,74.4,123.0
701,95,93.0,0.21983006540859734,75.0,123.0
702,98,93.0,0.33220916147598223,75.0,
703,81,93.0,0.22677162974357445,75.0,
704,73,93.0,0.5668423442895407,75.0,
705,849,949.0,0.37612418511452594,79.1,
706,1,42.0,0.5012789236092458,79.4,124.0
707,95,93.0,0.09431570069019624,80.0,
708,98,93.0,0.0645264878927626,80.0,
709,81,93.0,0.09858547332880314,80.0,
710,73,93.0,0.22306614101513986,80.0,125.0
711,78,93.0,0.1153910663418144,80.0,
712,849,949.0,0.43195945890213994,84.1,126.0
713,1,42.0,0.567733609506772,84.4,
714,95,93.0,0.5829481102949542,85.0,
715,98,93.0,0.5520466496499897,85.0,
716,81,93.0,0.6862765359697287,85.0,
717,73,93.0,0.685616128860709,85.0,127.0
718,78,93.0,0.6645091400152504,85.0,
719,849,949.0,0.27256138908942684,89.1,
720,1,42.0,0.39991619962845065,89.4,
721,95,93.0,0.17205282939730956,90.0,
722,98,93.0,0.12688197524526496,90.0,
723,81,93.0,0.15450337425202132,90.0,
724,73,93.0,0.16128719029341082,90.0,
725,78,93.0,0.30404721711790456,90.0,
726,849,949.0,0.6347869825124833,94.1,
727,1,42.0,0.2500790648924605,94.4,
728,95,93.0,0.2182344864343373,95.0,128.0
729,98,93.0,0.24786832284456414,95.0,
730,81,93.0,0.4080018962444619,95.0,129.0
731,73,93.0,0.49896039747066523,95.0,
732,78,93.0,0.27936481088801396,95.0,
733,849,949.0,0.9180189385542928,99.1,
734,1,42.0,0.4080325580085678,99.4,
735,95,93.0,0.457023900862683,100.0,
736,98,93.0,0.6858568453809758,100.0,
737,81,93.0,0.6521605386600259,100.0,
738,73,93.0,0.6398440088715726,100.0,
739,78,93.0,0.5267506850710827,100.0,
740,849,949.0,0.8420694916579305,104.1,
741,1,42.0,0.31219490283759294,104.4,
742,95,93.0,0.37449907574914904,105.0,
743,98,93.0,0.7416089377441885,105.0,
744,81,93.0,0.7110076294781132,105.0,
745,73,93.0,0.6925472665016108,105.0,
746,78,93.0,0.36033827474764346,105.0,
747,849,949.0,0.9307003486043669,109.1,
748,1,42.0,0.4561837777425421,109.4,
749,95,93.0,0.31075833577551826,110.0,
750,98,93.0,0.6938369254106412,110.0,
751,81,93.0,0.6991658308417699,110.0,
752,73,93.0,0.6342618969082217,110.0,
753,78,93.0,0.35233929887195115,110.0,
754,849,949.0,0.8350218902865273,114.1,
755,1,42.0,0.5807722800972692,114.4,
756,95,93.0,0.5621712996786215,115.0,
757,98,93.0,0.9229581637879176,115.0,130.0
758,81,93.0,0.9358780582695039,115.0,
759,73,93.0,0.7519185655363914,115.0,
760,78,93.0,0.8231058735330805,115.0,
761,653,1479.0,0.8945832590928638,117.4,
762,849,949.0,0.9094916744825908,119.1,
763,1,42.0,0.19472984610208877,119.4,
764,95,93.0,0.31919884373353763,120.0,
765,98,93.0,0.6926461243227421,120.0,
766,81,93.0,0.6602334877765025,120.0,
767,73,93.0,0.5459132213264816,120.0,
768,78,93.0,0.33415803663552596,120.0,
769,653,1479.0,1.4014309329336623,122.4,
770,397,197.0,1.3422627133009497,123.6,
771,849,949.0,0.8723448525624851,124.1,
772,1,42.0,0.1692666777769641,124.4,
773,95,93.0,0.4284079992582424,125.0,
774,98,93.0,0.8248800237500626,125.0,
775,81,93.0,0.9912565881720217,125.0,
776,73,93.0,0.7311245700387242,125.0,
777,78,93.0,1.0520571079856884,125.0,
778,397,197.0,1.8030933632410386,128.6,
779,849,949.0,0.6535414181248921,129.1,
780,1,42.0,0.30737258608191576,129.4,
781,95,93.0,0.31071104276757916,130.0,
782,98,93.0,0.27174130815001996,130.0,131.0
783,81,93.0,0.6206522796986201,130.0,
784,73,93.0,0.7882996419700723,130.0,
785,78,93.0,1.1044033216842426,130.0,
786,849,949.0,0.621984995310329,134.1,
787,1,42.0,0.4166356303865694,134.4,
788,95,93.0,0.2057339422837794,135.0,
789,98,93.0,0.2472481153839318,135.0,
790,81,93.0,0.5157744943455619,135.0,
791,73,93.0,0.6781443091207753,135.0,
792,78,93.0,0.7992185804317348,135.0,
793,397,197.0,0.5580819483480349,138.6,
794,849,949.0,1.0380700768961653,139.1,
795,1,42.0,0.3415795132107362,139.4,
796,95,93.0,0.19942150983733503,140.0,
797,98,93.0,0.3642264204631621,140.0,
798,81,93.0,0.6191165647840324,140.0,
799,73,93.0,0.6985509454654587,140.0,
800,78,93.0,0.7500890226398984,140.0,
801,2245,2106.0,1.0500637329646214,142.0,
802,397,197.0,1.1575492613756282,143.6,
803,849,949.0,0.46653563895405087,144.1,
804,1,42.0,0.5492260724296406,144.4,
805,95,93.0,0.46001869635319476,145.0,
806,98,93.0,0.5100538034346646,145.0,
807,81,93.0,0.6577660732565496,145.0,
808,73,93.0,0.6947541257111012,145.0,
809,78,93.0,0.7412899341646849,145.0,
810,2245,2106.0,0.5090946041951527,147.0,
811,397,197.0,0.9103155553833934,148.6,
812,849,949.0,0.2116260911847646,149.1,
813,1,42.0,0.2406206867528168,149.4,
814,95,93.0,0.5827678649983752,150.0,
815,98,93.0,0.4309625808057546,150.0,
816,81,93.0,0.648773252850954,150.0,
817,73,93.0,0.6413445693835088,150.0,
818,78,93.0,0.7580703427564378,150.0,
819,2245,2106.0,0.8846932101401518,152.0,
820,397,197.0,0.8282739200005794,153.6,
821,849,949.0,0.4974611300014463,154.1,
822,1,42.0,0.23236969433979648,154.4,
823,95,93.0,0.5039879635132998,155.0,
824,98,93.0,0.42687265868552815,155.0,
825,81,93.0,0.5466155242474456,155.0,
826,73,93.0,0.3628252805971296,155.0,
827,78,93.0,0.3590167890262587,155.0,
828,2245,2106.0,0.6049438998216066,157.0,
829,397,197.0,1.2213139345645323,158.6,
830,849,949.0,0.4070149399528186,159.1,
831,1,42.0,0.22690037928899295,159.4,
832,95,93.0,0.7683081565071087,160.0,
833,98,93.0,0.7737168436340147,160.0,
834,81,93.0,0.809875672361973,160.0,
835,73,93.0,0.6983156650147352,160.0,
836,78,93.0,0.721142615629701,160.0,
837,2245,2106.0,0.46708180536301536,162.0,
838,397,197.0,0.6951387780612108,163.6,
839,849,949.0,0.41659051356494836,164.1,
840,1,42.0,0.43180381482498786,164.4,
841,95,93.0,0.8933562904962967,165.0,
842,98,93.0,0.8829953294168722,165.0,
843,81,93.0,0.9564443693332048,165.0,
844,73,93.0,0.8484871101586936,165.0,
845,78,93.0,0.8587659527273029,165.0,
846,2245,2106.0,0.2979815213411307,167.0,
847,397,197.0,1.1158268957361286,168.6,
848,849,949.0,0.7381375729213466,169.1,
849,1,42.0,0.37374985763803026,169.4,
850,95,93.0,0.8762609734927127,170.0,
851,98,93.0,0.8740799828833987,170.0,
852,81,93.0,0.9653847053414697,170.0,
853,73,93.0,0.8762015462279548,170.0,
854,78,93.0,0.8723919039267286,170.0,
855,2245,2106.0,0.2379125098485403,172.0,
856,397,197.0,0.5122769927332572,173.6,
857,849,949.0,0.4096457883569591,174.1,132.0
858,1,42.0,0.2004144691240298,174.4,132.0
859,95,93.0,0.8634371942299586,175.0,
860,98,93.0,0.8392509847017382,175.0,
861,81,93.0,0.9020903319959825,175.0,
862,73,93.0,0.8824475927869311,175.0,
863,78,93.0,0.9007820100899598,175.0,
864,2245,2106.0,0.416173639554703,177.0,
865,397,197.0,0.5561001687786794,178.6,
866,849,949.0,0.5939109833603259,179.1,
867,1,42.0,0.21253938489403978,179.4,
868,95,93.0,0.8847297611997674,180.0,
869,98,93.0,0.8746693871307831,180.0,
870,81,93.0,0.8740362416401464,180.0,
871,73,93.0,0.8938190249638164,180.0,
872,78,93.0,0.8600884289730709,180.0,
873,2245,2106.0,0.5892603644274556,182.0,
874,849,949.0,0.20499504720427822,184.1,
875,1,42.0,0.0952182021036499,184.4,
876,539,75.0,1.4773182446548887,184.8,
877,95,93.0,1.4012975971525203,185.0,
878,98,93.0,1.0601103369532867,185.0,
879,81,93.0,0.9750906373617777,185.0,
880,73,93.0,1.237159347869628,185.0,
881,78,93.0,1.5184097261313736,185.0,
882,2245,2106.0,0.5392779054375639,187.0,
883,849,949.0,0.2563266278027567,189.1,
884,1,42.0,0.10934244237741816,189.4,
885,539,75.0,1.912247284826059,189.8,
886,95,93.0,0.5222108690628829,190.0,
887,98,93.0,0.5714795341568704,190.0,
888,81,93.0,0.9655586833020326,190.0,
889,73,93.0,1.1928980357493388,190.0,
890,78,93.0,1.1536075987827479,190.0,
891,2245,2106.0,0.47692516662261036,192.0,
892,849,949.0,0.3232794338940672,194.1,
893,1,42.0,0.5137294553226617,194.4,
894,539,75.0,0.8962349772582171,194.8,
895,95,93.0,0.24637757912370922,195.0,133.0
896,98,93.0,0.34905290004249906,195.0,
897,81,93.0,0.5316051126186465,195.0,
898,73,93.0,1.0535226299521325,195.0,
899,78,93.0,1.0146007095582004,195.0,
900,2245,2106.0,0.8868637659350911,197.0,
901,849,949.0,0.7741555734628511,199.1,
902,1,42.0,0.19258968301768167,199.4,
903,539,75.0,0.9943277830807585,199.8,134.0
904,95,93.0,0.10839909893605613,200.0,
905,98,93.0,0.3372905235554044,200.0,
906,81,93.0,0.5860826837431711,200.0,
907,73,93.0,1.052549068605429,200.0,
908,2245,2106.0,0.7795572776958363,202.0,
909,849,949.0,0.5111168162811562,204.1,
910,1,42.0,0.10935841949370968,204.4,
911,539,75.0,1.141499414110938,204.8,
912,95,93.0,0.1832403746082331,205.0,
913,98,93.0,0.36402762537832223,205.0,
914,81,93.0,0.6073441342022279,205.0,135.0
915,73,93.0,1.051085927103736,205.0,
916,2245,2106.0,0.702278768929908,207.0,
917,849,949.0,0.6695171980488555,209.1,
918,1,42.0,0.19636521101883875,209.4,
919,95,93.0,0.5279926345773535,210.0,
920,98,93.0,0.5803850950929356,210.0,
921,81,93.0,0.827528014269836,210.0,
922,73,93.0,1.1758354851032637,210.0,
923,78,93.0,1.3138575203380336,210.0,
924,2245,2106.0,1.1483820966296525,212.0,
925,849,949.0,0.44421955170241956,214.1,
926,1,42.0,0.2564613225318336,214.4,
927,95,93.0,1.0296144975349657,215.0,
928,98,93.0,1.139128543538183,215.0,
929,81,93.0,1.0770796789798431,215.0,
930,73,93.0,1.0404874261396602,215.0,136.0
931,78,93.0,1.0362528264971083,215.0,
932,849,949.0,0.5159819145267132,219.1,
933,1,42.0,0.227490034857422,219.4,
934,95,93.0,0.9544263904325042,220.0,
935,98,93.0,0.8895038397294184,220.0,137.0
936,81,93.0,0.8512227063971621,220.0,
937,73,93.0,0.8420563552636552,220.0,
938,78,93.0,0.601348395136782,220.0,
939,244,64.0,0.573400167241847,222.8,
940,849,949.0,0.9783887203648781,224.1,
941,1,42.0,0.22794318552369108,224.4,
942,539,75.0,1.4339786391938891,224.8,
943,95,93.0,0.41748269779683217,225.0,
944,98,93.0,0.2789203052587069,225.0,
945,81,93.0,0.4656290020782853,225.0,
946,73,93.0,0.41374839092470267,225.0,
947,78,93.0,0.7890150692634909,225.0,
948,244,64.0,0.23230975753836658,227.8,
949,849,949.0,0.8251357326554632,229.1,
950,1,42.0,0.34264464538140693,229.4,
951,539,75.0,0.9556706786730145,229.8,138.0
952,95,93.0,0.40772018195498155,230.0,
953,98,93.0,0.2647313727968142,230.0,
954,81,93.0,0.421686733652316,230.0,139.0
955,73,93.0,0.4992569865108194,230.0,
956,78,93.0,0.4001354849404552,230.0,
957,949,2735.0,3.03067121161966,230.4,
958,244,64.0,0.16145878640228686,232.8,
959,849,949.0,1.0637620249619841,234.1,
960,1,42.0,0.3266898071254683,234.4,
961,539,75.0,1.0046171710352818,234.8,
962,95,93.0,0.5952024326440952,235.0,
963,98,93.0,0.3805709323217264,235.0,
964,81,93.0,0.5205092090790389,235.0,
965,73,93.0,0.3424123320226418,235.0,
966,78,93.0,0.705882231162986,235.0,
967,949,2735.0,3.1507605280355433,235.4,140.0
968,244,64.0,0.2057421893540465,237.8,140.0
969,849,949.0,0.6445472517459498,239.1,
970,1,42.0,0.330989646587548,239.4,
971,95,93.0,0.9873799760919014,240.0,
972,98,93.0,0.9295923829957413,240.0,
973,81,93.0,0.6591277315780784,240.0,
974,73,93.0,0.6028155583799557,240.0,
975,78,93.0,0.540534314853403,240.0,
976,244,64.0,0.16559420886239945,242.8,
977,849,949.0,0.7759009257649719,244.1,
978,1,42.0,0.37445621609968466,244.4,
979,95,93.0,0.43837195950027025,245.0,
980,98,93.0,0.4677952448234083,245.0,
981,81,93.0,0.5442297326992607,245.0,
982,73,93.0,0.5333180066968036,245.0,141.0
983,78,93.0,0.3684272572789651,245.0,
984,244,64.0,0.30137128392986545,247.8,
985,849,949.0,0.9902056447761657,249.1,
986,1,42.0,0.3642699481218474,249.4,
987,95,93.0,0.7006891658768172,250.0,
988,98,93.0,0.7449710721949399,250.0,
989,81,93.0,0.422297711618765,250.0,
990,73,93.0,0.4984283949162563,250.0,
991,78,93.0,0.10828461988520803,250.0,
992,244,64.0,0.1523517395424719,252.8,
993,849,949.0,0.567163821841313,254.1,
994,1,42.0,0.6168450417982443,254.4,
995,95,93.0,0.5227777534726054,255.0,
996,98,93.0,0.6509168510963768,255.0,142.0
997,81,93.0,0.6882404052590481,255.0,
998,73,93.0,0.8972147363565653,255.0,
999,78,93.0,0.8118617277401485,255.0,
1000,244,64.0,0.16093891248437436,257.8,
1001,849,949.0,0.43305655042967534,259.1,
1002,1,42.0,0.8964834968098263,259.4,
1003,397,2735.0,1.4329741718837314,259.9,
1004,95,93.0,0.5244242187326483,260.0,
1005,98,93.0,0.5754603372467517,260.0,
1006,81,93.0,0.8540901386007654,260.0,
1007,73,93.0,1.0743647112991597,260.0,143.0
1008,78,93.0,1.1802301698458957,260.0,
1009,244,64.0,0.10656117605559513,262.8,
1010,849,949.0,0.4925490073424157,264.1,
1011,1,42.0,1.1616175979320769,264.4,
1012,397,2735.0,0.4127636258023501,264.9,144.0
1013,95,93.0,0.5430574120141423,265.0,
1014,81,98.0,0.8302131188830143,265.0,
1015,73,98.0,1.417350046148131,265.0,
1016,78,98.0,1.672861971116251,265.0,
1017,244,64.0,0.10541011260643035,267.8,
1018,849,949.0,0.630337928399399,269.1,
1019,1,42.0,0.6210280832154361,269.4,
1020,397,2735.0,0.9006879209370694,269.9,
1021,81,98.0,0.8746647945604328,270.0,
1022,73,98.0,1.8162140119332766,270.0,
1023,78,98.0,1.971053350543604,270.0,
1024,244,64.0,0.16602149712280798,272.8,
1025,1961,19.0,1.21752564091427,273.3,145.0
1026,284,19.0,0.48387724248948316,273.3,145.0
1027,849,949.0,0.4569315983162244,274.1,
1028,1,42.0,0.6723897856716844,274.4,
1029,397,2735.0,1.4820778965777253,274.9,
1030,73,81.0,0.7385280794335148,275.0,
1031,78,81.0,0.7057041510108558,275.0,146.0
1032,244,64.0,0.17507088047534208,277.8,
1033,1961,19.0,0.6718006391473816,278.3,
1034,284,19.0,0.49534505339203055,278.3,
1035,849,949.0,0.36924756266337544,279.1,
1036,1,42.0,0.6517785343361456,279.4,
1037,397,2735.0,1.469118620841365,279.9,
1038,73,81.0,1.4998973184112878,280.0,
1039,78,81.0,0.7763813614316614,280.0,147.0
1040,1919,4041.0,2.4099875751447795,280.9,
1041,244,64.0,0.2263986395016243,282.8,148.0
1042,1961,19.0,0.22549971452448614,283.3,
1043,284,19.0,0.6328919201603413,283.3,
1044,849,949.0,0.3980056054173475,284.1,
1045,1,42.0,1.4391482715648922,284.4,
1046,397,2735.0,1.4087523370505803,284.9,149.0
1047,73,81.0,1.1389073782056798,285.0,
1048,78,81.0,1.9083313944760345,285.0,
1049,1919,4041.0,3.2088488557152735,285.9,150.0
1050,244,64.0,0.48949385168471626,287.8,
1051,1961,19.0,0.3478938320570343,288.3,
1052,284,19.0,0.32054281142448776,288.3,
1053,849,949.0,0.44993354806391045,289.1,
1054,1,42.0,1.7632874656283708,289.4,151.0
1055,397,2735.0,2.082501937778748,289.9,
1056,73,81.0,0.4693205243142142,290.0,
1057,78,81.0,1.207248266500868,290.0,152.0
1058,1919,4041.0,3.447130285183323,290.9,
1059,1,2019.0,0.9424563212241323,291.2,
1060,244,64.0,1.0234875462583097,292.8,
1061,1961,19.0,0.4619998784348643,293.3,
1062,284,19.0,0.383097993782457,293.3,
1063,849,949.0,0.4430545739020266,294.1,
1064,397,2735.0,1.4997461011419768,294.9,153.0
1065,73,81.0,0.3803916619977191,295.0,153.0
1066,78,81.0,0.8007756636309726,295.0,153.0
1067,1919,4041.0,4.520381421374316,295.9,
1068,1,2019.0,0.9182371550800924,296.2,
1069,244,64.0,0.3323812529071097,297.8,154.0
1070,1961,19.0,0.9460978655737751,298.3,
1071,284,19.0,0.6425845061573194,298.3,155.0
1072,849,949.0,0.5982921530921673,299.1,
1073,78,73.0,0.2825046233364504,300.0,
1074,397,4347.0,1.3108680198076619,300.7,
1075,1,2019.0,0.8826270130292492,301.2,
1076,244,64.0,0.356485387147449,302.8,
1077,1961,19.0,0.9378572648038159,303.3,
1078,284,19.0,0.8016822053413841,303.3,
1079,849,949.0,0.4119690741315313,304.1,
1080,78,73.0,0.27047614643935347,305.0,156.0
1081,1,2019.0,0.9921026536903184,306.2,156.0
1082,244,64.0,0.3852376372313572,307.8,156.0
1083,1961,19.0,0.803978120686879,308.3,
1084,284,19.0,0.8241572257051917,308.3,
1085,849,949.0,0.8023630263133454,309.1,157.0
1086,48,87.0,0.9506904510561273,309.2,
1087,1,2019.0,0.7862214521327243,311.2,158.0
1088,244,64.0,0.4318168942924103,312.8,
1089,1961,19.0,0.9598296549881535,313.3,
1090,284,19.0,0.6930958686329051,313.3,
1091,849,949.0,0.32298517911511454,314.1,
1092,48,87.0,0.7275074550357832,314.2,
1093,244,64.0,0.696831548961823,317.8,
1094,849,949.0,0.32101729177357585,319.1,
1095,48,87.0,0.2753334509449773,319.2,
1096,244,64.0,0.8608022708866685,322.8,
1097,849,949.0,0.25028987537338915,324.1,
1098,244,64.0,0.6727854458401352,327.8,159.0
1099,1,3698.0,0.4554331572587493,329.1,159.0
1100,849,949.0,0.38892001973780715,329.1,159.0
1101,244,64.0,0.7170657564260327,332.8,
1102,849,949.0,0.5742900741850465,334.1,
1103,244,64.0,0.7425175412218461,337.8,
1104,849,949.0,0.5873148333996803,339.1,
1105,244,64.0,0.7020691981400098,342.8,
1106,849,949.0,0.355647083847576,344.1,
1107,244,64.0,0.7101033522658232,347.8,
1108,849,949.0,1.830756100405777,349.1,
1109,1674,2000.0,0.35178228205650514,352.0,
1110,244,64.0,0.6011915801986343,352.8,
1111,849,949.0,1.8637609292546284,354.1,
1112,4562,2698.0,0.6104954627646593,376.0,
1113,1674,2000.0,1.072033486838306,377.0,
1114,4562,2698.0,0.2508476114709224,381.0,160.0
1115,1674,2000.0,1.1906052075574063,382.0,160.0
1116,4562,2698.0,0.2835281437750242,386.0,
1117,1674,2000.0,1.217680488634606,387.0,
1118,4562,2698.0,0.32428545013179044,391.0,
1119,1674,2000.0,1.2146381671691096,392.0,
1120,4562,2698.0,0.28083555538641486,396.0,
1121,1674,2000.0,1.5565040691093197,397.0,
1122,2698,4347.0,0.7281138667987821,401.0,
1123,4562,4347.0,0.6966507705157131,401.0,
1124,1674,2000.0,4.595967654895969,402.0,
1125,2857,4041.0,1.291744889800787,403.3,
1126,2698,4347.0,0.3271864114503863,406.0,161.0
1127,4562,4347.0,0.26444727993324213,406.0,
1128,1674,2000.0,9.141454136321995,407.0,
1129,931,5082.0,7.66332143528086,407.3,
1130,2857,4041.0,0.8730799861690431,408.3,
1131,4562,2698.0,0.3333176109184021,411.0,
1132,931,5082.0,10.628196566572717,412.3,162.0
1133,2857,4041.0,1.9181663398171644,413.3,162.0
1134,6772,6808.0,0.34495929366474054,415.6,
1135,4562,2698.0,0.34586971701106856,416.0,
1136,6799,6811.0,0.517092685247865,416.1,
1137,6760,6816.0,0.19963503157843523,416.5,
1138,931,5082.0,13.165764013941232,417.3,
1139,6808,6869.0,0.4969307540020736,418.3,
1140,2857,4041.0,2.2368571099792356,418.3,
1141,2698,4347.0,0.2573133634147699,421.0,
1142,4562,4347.0,0.24665523713093881,421.0,
1143,6799,6811.0,0.4880711577305854,421.1,163.0
1144,6760,6816.0,0.2419137172104425,421.5,
1145,6808,6869.0,0.7970277684597021,423.3,
1146,2857,4041.0,2.810853538401394,423.3,164.0
1147,2698,4347.0,0.16889924474289073,426.0,
1148,4562,4347.0,0.33527660224197564,426.0,
1149,6799,6811.0,0.5653598277759319,426.1,
1150,6760,6816.0,0.2250423259878957,426.5,
1151,6872,7092.0,0.17068769192577984,428.1,
1152,6808,6869.0,0.6939868187494357,428.3,165.0
1153,2857,4041.0,2.9436527540584256,428.3,165.0
1154,397,2857.0,1.206764669597962,429.5,
1155,7000,7184.0,0.2003621629580203,430.7,
1156,2698,4347.0,0.4235298492903428,431.0,
1157,4562,4347.0,0.4823182982232658,431.0,
1158,6799,6811.0,0.44713002027817267,431.1,
1159,6760,6816.0,0.9012732001661726,431.5,
1160,6808,6869.0,0.4552744023507021,433.3,
1161,2857,4041.0,2.8491459296402843,433.3,
1162,397,2857.0,0.8815553378311367,434.5,
1163,7000,7184.0,0.3263118041505624,435.7,
1164,4562,2698.0,0.3131235828502726,436.0,166.0
1165,6799,6811.0,0.4787882622532254,436.1,
1166,6760,6816.0,0.39465441774360005,436.5,
1167,6916,6946.0,1.365810657728654,436.8,
1168,6808,6869.0,0.3761319789057016,438.3,
1169,397,2857.0,0.9126046678337266,439.5,
1170,7000,7184.0,0.3482179030416361,440.7,167.0
1171,2698,4347.0,1.1150022491226412,441.0,
1172,4562,4347.0,1.7094434408846493,441.0,
1173,6799,6811.0,0.39006814923076394,441.1,
1174,6760,6816.0,0.23619227217069555,441.5,
1175,6916,6946.0,0.9314525037717389,441.8,168.0
1176,6808,6869.0,0.5186671451803565,443.3,168.0
1177,397,2857.0,1.3541153068347316,444.5,
1178,7000,7184.0,0.3261413204046787,445.7,
1179,2698,4347.0,1.114360083148657,446.0,
1180,4562,4347.0,1.653947991184621,446.0,
1181,6799,6811.0,0.6337125657537891,446.1,
1182,6760,6816.0,0.22350315722933609,446.5,
1183,6916,6946.0,0.9656509376403153,446.8,
1184,6808,6869.0,0.33723934451671006,448.3,
1185,397,2857.0,0.8883561519121753,449.5,
1186,7000,7184.0,0.3384873880904556,450.7,
1187,2698,4347.0,1.114668697861584,451.0,
1188,4562,4347.0,1.6537198514229965,451.0,
1189,6799,6811.0,0.4786803195885891,451.1,
1190,6760,6816.0,0.23237778538626644,451.5,
1191,6916,6946.0,0.41163330166597245,451.8,
1192,6808,6869.0,0.4246231480715555,453.3,
1193,397,2857.0,0.7508374828356444,454.5,
1194,7000,7184.0,0.27996360756395405,455.7,
1195,2698,4347.0,1.1391131453399115,456.0,
1196,4562,4347.0,1.6615379066986056,456.0,
1197,6799,6811.0,0.6886461277616657,456.1,169.0
1198,6760,6816.0,0.25449700743287546,456.5,
1199,6916,6946.0,0.4261575509073773,456.8,
1200,6808,6869.0,0.3323563513938444,458.3,
1201,7000,7184.0,0.3694339619625881,460.7,
1202,6799,6811.0,0.1445068486428145,461.1,
1203,6760,6816.0,0.529691252213478,461.5,
1204,6916,6946.0,0.5864210533087416,461.8,
1205,85,94.0,0.782723728568644,15.0,
1206,91,94.0,0.8942634984960359,15.0,
1207,103,94.0,1.175606982221191,15.0,
1208,83,82.0,0.39300902195435333,15.0,
1209,77,82.0,0.7201258347845745,15.0,
1210,68,82.0,1.095241338619227,15.0,
1211,66,82.0,1.9227633619676343,15.0,
1212,69,82.0,1.3761625944168985,15.0,
1213,75,82.0,1.3676314749214615,15.0,
1214,52,82.0,2.992642018751962,15.0,
1215,57,82.0,3.8535890758363958,15.0,
1216,64,82.0,4.5845200257115915,15.0,
1217,61,82.0,4.241560980594636,15.0,
1218,85,94.0,0.6047678040247071,20.0,170.0
1219,91,94.0,0.6583258884887164,20.0,
1220,103,94.0,1.059797980050709,20.0,
1221,83,82.0,0.5732393948871904,20.0,
1222,77,82.0,0.8103824763581282,20.0,
1223,68,82.0,0.7147645784765447,20.0,
1224,66,82.0,1.0121602947027641,20.0,
1225,69,82.0,0.7474847458548595,20.0,
1226,75,82.0,0.8383036110885049,20.0,
1227,57,52.0,0.9988194388842863,20.0,
1228,64,52.0,1.336011091815372,20.0,
1229,61,52.0,1.1435171029598012,20.0,
1230,91,85.0,0.28448212148429913,25.0,
1231,103,85.0,0.5465801508981477,25.0,
1232,83,82.0,0.4684550737209661,25.0,
1233,77,82.0,1.38532938515672,25.0,
1234,68,82.0,0.7340989048105536,25.0,
1235,66,82.0,0.8730200332593102,25.0,
1236,69,82.0,1.2762164230210495,25.0,
1237,75,82.0,0.8640667356894101,25.0,
1238,57,52.0,1.6677765101041686,25.0,
1239,64,52.0,2.2210833039116054,25.0,171.0
1240,61,52.0,1.8803342283364342,25.0,
1241,91,85.0,0.24192954717436216,30.0,
1242,103,85.0,0.49349702095692893,30.0,
1243,82,85.0,1.420405864182444,30.0,
1244,83,85.0,1.762893043405504,30.0,
1245,77,85.0,2.357353133983081,30.0,
1246,68,85.0,2.0957803406888735,30.0,
1247,66,85.0,2.154481165001188,30.0,
1248,69,85.0,2.097472348628629,30.0,
1249,75,85.0,2.2222748584437464,30.0,
1250,57,52.0,0.9638889191264582,30.0,
1251,64,52.0,1.4134415389883717,30.0,
1252,61,52.0,1.2368677368543626,30.0,
1253,91,85.0,0.2920990648426861,35.0,
1254,103,85.0,0.4462107576835315,35.0,172.0
1255,82,85.0,0.6354898483174607,35.0,
1256,83,85.0,1.0691979858261773,35.0,
1257,77,85.0,1.2174963936723424,35.0,
1258,68,85.0,0.9165918489882116,35.0,173.0
1259,66,85.0,0.944056827358786,35.0,
1260,69,85.0,0.9801272829859815,35.0,
1261,75,85.0,1.3513371786170831,35.0,
1262,57,52.0,1.1482469362056664,35.0,
1263,64,52.0,1.803952825489687,35.0,
1264,61,52.0,2.0518717582522976,35.0,
1265,91,85.0,0.3934186537002662,40.0,
1266,103,85.0,0.5255006630855974,40.0,
1267,82,85.0,0.7116195005011186,40.0,
1268,83,85.0,1.0714535062440087,40.0,
1269,77,85.0,1.153128674163945,40.0,174.0
1270,68,85.0,0.9557494262563644,40.0,
1271,66,85.0,0.8654868296140313,40.0,
1272,69,85.0,0.9442591336452949,40.0,
1273,75,85.0,1.2892806643579438,40.0,
1274,52,85.0,0.6375428028218124,40.0,
1275,57,85.0,0.5935728726947146,40.0,
1276,64,85.0,1.1070359839565846,40.0,
1277,61,85.0,1.10849774765533,40.0,
1278,91,85.0,0.4103159021723625,45.0,175.0
1279,103,85.0,0.3907078895850717,45.0,
1280,82,85.0,0.2484947990298886,45.0,
1281,83,85.0,0.6741275747650358,45.0,
1282,77,85.0,0.5325611499781095,45.0,176.0
1283,68,85.0,0.413682917533004,45.0,
1284,66,85.0,0.863698501219177,45.0,
1285,69,85.0,0.6474801912588817,45.0,
1286,75,85.0,0.9320623186789382,45.0,
1287,57,52.0,0.5764791424148615,45.0,
1288,64,52.0,0.9948461318852696,45.0,177.0
1289,61,52.0,1.5572606354827863,45.0,
1290,91,85.0,0.5828283366460848,50.0,
1291,103,85.0,0.3518002384522518,50.0,
1292,82,85.0,0.5481069518135034,50.0,
1293,83,85.0,0.5736329085365253,50.0,178.0
1294,77,85.0,0.7073849939781162,50.0,
1295,68,85.0,0.7255764269148355,50.0,
1296,66,85.0,0.9243278553053172,50.0,
1297,69,85.0,0.6977791414768206,50.0,
1298,75,85.0,0.9579511761625809,50.0,
1299,57,52.0,0.7255758115613946,50.0,
1300,64,52.0,0.7673206889227725,50.0,179.0
1301,61,52.0,0.6357322529846714,50.0,
1302,91,85.0,0.36428997655923456,55.0,
1303,103,85.0,0.34609014268369664,55.0,
1304,82,85.0,0.3712108423004459,55.0,
1305,83,85.0,0.9223109513018671,55.0,
1306,77,85.0,0.9858391270956908,55.0,
1307,68,85.0,0.8462820277552782,55.0,
1308,66,85.0,0.8339655086136717,55.0,
1309,69,85.0,0.6957273936325957,55.0,
1310,75,85.0,0.8692532432873754,55.0,180.0
1311,52,85.0,0.8817127191144927,55.0,
1312,57,85.0,0.6084978701886372,55.0,
1313,64,85.0,0.6710392633841525,55.0,
1314,61,85.0,0.25087089756005454,55.0,
1315,537,540.0,0.4338045288030708,57.2,181.0
1316,91,85.0,0.3076760567198929,60.0,
1317,103,85.0,0.36003508529655437,60.0,
1318,82,85.0,0.32768934833199986,60.0,
1319,83,85.0,0.7551947731760568,60.0,
1320,77,85.0,0.7374881132302632,60.0,
1321,68,85.0,0.6677553592576801,60.0,
1322,66,85.0,0.5918033980413435,60.0,182.0
1323,69,85.0,0.6822058905407036,60.0,
1324,75,85.0,0.7503785919370619,60.0,
1325,52,85.0,0.6648238074071602,60.0,
1326,57,85.0,0.4149440865201232,60.0,
1327,64,85.0,0.671919090960531,60.0,
1328,61,85.0,0.6367858552943778,60.0,
1329,537,540.0,0.49782203581388446,62.2,
1330,91,85.0,0.5649108476172352,65.0,
1331,103,85.0,0.4655116477492664,65.0,
1332,82,85.0,0.5412792823208643,65.0,
1333,83,85.0,0.7531242242753213,65.0,
1334,77,85.0,0.7333064365772122,65.0,
1335,68,85.0,0.6684751614651653,65.0,
1336,66,85.0,0.4250295362903834,65.0,183.0
1337,69,85.0,0.4470005163039192,65.0,
1338,75,85.0,0.44411524259096397,65.0,
1339,52,85.0,1.2233785767605723,65.0,
1340,57,85.0,0.6775873732600558,65.0,
1341,64,85.0,0.7855589432551502,65.0,
1342,61,85.0,0.3372165048435677,65.0,
1343,91,85.0,0.3832490703992675,70.0,184.0
1344,103,85.0,0.27720291161632016,70.0,
1345,82,85.0,0.3600115616760801,70.0,
1346,83,85.0,0.7517022256164339,70.0,
1347,77,85.0,0.7728965189092216,70.0,
1348,68,85.0,1.047288129881103,70.0,185.0
1349,66,85.0,1.416952112858251,70.0,
1350,69,85.0,1.3510777265211795,70.0,
1351,75,85.0,1.056775000863905,70.0,
1352,52,85.0,0.7153757940146875,70.0,
1353,57,85.0,0.4731397595963267,70.0,
1354,64,85.0,0.6636084215672897,70.0,
1355,61,85.0,0.1817063742707463,70.0,
1356,91,85.0,0.23567249363232484,75.0,
1357,103,85.0,0.30546218663169633,75.0,186.0
1358,82,85.0,0.5197195521157527,75.0,
1359,83,85.0,0.9315380262601111,75.0,
1360,77,85.0,0.7822058660014733,75.0,
1361,68,85.0,0.7582705885126478,75.0,
1362,66,85.0,0.7793314849012388,75.0,
1363,69,85.0,0.41698204229148655,75.0,
1364,75,85.0,0.40148325055850603,75.0,187.0
1365,57,52.0,0.25771462118379374,75.0,
1366,91,85.0,0.5508452625021295,80.0,
1367,103,85.0,0.5713377503969111,80.0,
1368,82,85.0,0.6539072594639121,80.0,
1369,83,85.0,1.087271462341287,80.0,
1370,77,85.0,1.043762883253483,80.0,188.0
1371,68,85.0,1.1078482893665007,80.0,188.0
1372,69,66.0,0.2829835392705485,80.0,
1373,75,66.0,0.3377023974481067,80.0,
1374,52,66.0,1.831436449400218,80.0,
1375,57,66.0,2.6787804150484065,80.0,
1376,91,85.0,0.27784446775638283,85.0,
1377,103,85.0,0.49873977391405233,85.0,
1378,82,85.0,0.9671821575412154,85.0,
1379,83,85.0,1.812368361741264,85.0,
1380,77,85.0,1.8231667207054698,85.0,189.0
1381,68,85.0,1.6569662821538274,85.0,
1382,66,85.0,1.585878220819323,85.0,
1383,69,85.0,1.461121996521405,85.0,
1384,75,85.0,1.5238229066777913,85.0,
1385,52,85.0,2.659987255459697,85.0,
1386,57,85.0,3.478082073582052,85.0,
1387,91,85.0,0.6414305994706296,90.0,
1388,103,85.0,0.445215313816367,90.0,190.0
1389,82,85.0,0.5619083539635914,90.0,
1390,83,85.0,0.749557172506359,90.0,
1391,77,85.0,0.7120597780518341,90.0,
1392,68,85.0,1.319498215226401,90.0,
1393,66,85.0,1.674802304679912,90.0,
1394,69,85.0,1.8014397853159925,90.0,
1395,75,85.0,1.8704357224037635,90.0,191.0
1396,57,52.0,1.1168507195342403,90.0,191.0
1397,91,85.0,0.44052701825860063,95.0,
1398,103,85.0,0.49346156636931326,95.0,
1399,82,85.0,0.8281842208431888,95.0,
1400,83,85.0,1.2941009848719902,95.0,
1401,77,85.0,1.5748497008624407,95.0,
1402,68,85.0,2.2646395647328728,95.0,
1403,66,85.0,2.6890502694087344,95.0,
1404,69,85.0,2.48182986787995,95.0,
1405,75,85.0,2.7432792052558224,95.0,192.0
1406,57,52.0,1.13416634753759,95.0,
1407,91,85.0,0.23313632216080687,100.0,
1408,103,85.0,0.48256557259485505,100.0,
1409,82,85.0,0.567667790337086,100.0,
1410,83,85.0,0.5628529666161884,100.0,
1411,77,85.0,0.5039912526959357,100.0,
1412,68,85.0,1.4682229208987603,100.0,193.0
1413,66,85.0,2.7389283115986074,100.0,
1414,69,85.0,2.069848195804766,100.0,
1415,75,85.0,2.0206577773182177,100.0,
1416,57,52.0,1.2619373603486268,100.0,
1417,91,85.0,0.2399209583521216,105.0,
1418,103,85.0,0.33978687257773693,105.0,
1419,82,85.0,0.37909164136824064,105.0,194.0
1420,83,85.0,0.5479385591106324,105.0,194.0
1421,77,85.0,0.6680629128032105,105.0,
1422,68,85.0,1.4519196321349939,105.0,
1423,66,85.0,1.521661075985432,105.0,
1424,69,85.0,1.3726177106640198,105.0,
1425,75,85.0,1.4131891597217938,105.0,
1426,91,85.0,0.4198204373512797,110.0,
1427,103,85.0,0.29007128432210166,110.0,
1428,82,85.0,0.4582927504906573,110.0,
1429,83,85.0,0.84878591852709,110.0,195.0
1430,77,85.0,0.6951824835617034,110.0,
1431,68,85.0,0.7641766274913954,110.0,
1432,66,85.0,1.5502560824482698,110.0,
1433,69,85.0,1.8660869030043068,110.0,
1434,75,85.0,1.3736907523121338,110.0,196.0
1435,52,85.0,1.6748321486304047,110.0,196.0
1436,57,85.0,2.351878125023896,110.0,
1437,91,85.0,0.3633713187179989,115.0,
1438,103,85.0,0.9587974403370053,115.0,
1439,82,85.0,1.2157096760812593,115.0,
1440,83,85.0,1.871741793734489,115.0,
1441,77,85.0,1.9442711630233396,115.0,
1442,68,85.0,1.8337852207496537,115.0,197.0
1443,66,85.0,1.973227786407323,115.0,197.0
1444,69,85.0,1.5472100103368238,115.0,
1445,75,85.0,1.4632287161418405,115.0,
1446,52,85.0,1.0534407952787421,115.0,
1447,57,85.0,1.8862693024496864,115.0,
1448,91,85.0,0.6632511671487685,120.0,
1449,103,85.0,1.142741548465767,120.0,
1450,82,85.0,0.8574287806704932,120.0,
1451,83,85.0,1.2657773032846114,120.0,198.0
1452,77,85.0,1.8281988262715814,120.0,
1453,68,85.0,1.0839437288987255,120.0,
1454,66,85.0,1.0941832560152591,120.0,
1455,69,85.0,1.0075994574478941,120.0,
1456,75,85.0,1.5021168869580168,120.0,199.0
1457,57,52.0,0.2523131131214653,120.0,199.0
1458,91,85.0,0.5684574116821766,125.0,
1459,103,85.0,1.2346665861681902,125.0,
1460,82,85.0,1.614689943866321,125.0,
1461,83,85.0,1.1942623176019016,125.0,
1462,77,85.0,1.6507810505906573,125.0,
1463,68,85.0,1.9047865833124082,125.0,
1464,66,85.0,2.345346098547588,125.0,
1465,69,85.0,2.141371768434647,125.0,
1466,75,85.0,2.3626315482326707,125.0,
1467,57,52.0,1.0001472770294189,125.0,
1468,91,85.0,0.6714157678351091,130.0,
1469,103,85.0,1.265293902695707,130.0,
1470,82,85.0,1.4076968674715387,130.0,
1471,83,85.0,1.1057401485673737,130.0,200.0
1472,77,85.0,1.0991383617149884,130.0,
1473,68,85.0,1.1122097893206024,130.0,
1474,66,85.0,1.3105077813893546,130.0,
1475,69,85.0,1.2733297686316671,130.0,
1476,75,85.0,1.6901069102056354,130.0,201.0
1477,52,85.0,1.7833691477800138,130.0,201.0
1478,57,85.0,1.9431958348111964,130.0,
1479,91,85.0,0.6449394665759529,135.0,
1480,103,85.0,1.2573805074240667,135.0,
1481,82,85.0,1.3220340576479626,135.0,
1482,83,85.0,1.3744675719498167,135.0,
1483,77,85.0,1.662981632672982,135.0,
1484,68,85.0,1.4572262478929756,135.0,
1485,66,85.0,1.609904330701356,135.0,
1486,69,85.0,1.561316107011241,135.0,
1487,75,85.0,2.159380531697243,135.0,
1488,52,85.0,2.4761536948322176,135.0,
1489,57,85.0,2.7394760176014934,135.0,
1490,2090,2104.0,0.23371660895374266,136.4,
1491,91,85.0,0.7117906421427972,140.0,
1492,103,85.0,1.450945698427261,140.0,202.0
1493,82,85.0,1.2922490860549787,140.0,
1494,83,85.0,1.0646680695791935,140.0,
1495,77,85.0,1.1110475888288744,140.0,
1496,68,85.0,1.186144956662314,140.0,
1497,66,85.0,1.5454077666369344,140.0,
1498,69,85.0,1.3125794043226457,140.0,203.0
1499,75,85.0,2.0952071183081795,140.0,
1500,52,85.0,2.136832744512301,140.0,
1501,57,85.0,2.5979338354852457,140.0,
1502,2090,2104.0,0.3041516814930136,141.4,
1503,2104,2040.0,0.3211960745392121,142.0,
1504,91,85.0,0.6598950829102991,145.0,
1505,103,85.0,1.1854887672174195,145.0,
1506,82,85.0,1.3158584477517643,145.0,
1507,83,85.0,1.0115932316060825,145.0,
1508,77,85.0,1.1392402289107515,145.0,
1509,68,85.0,0.9726759554722766,145.0,
1510,66,85.0,1.1433142416752065,145.0,
1511,69,85.0,1.2802225453423455,145.0,
1512,75,85.0,1.8569716352993966,145.0,
1513,52,85.0,2.2058295003896973,145.0,
1514,57,85.0,2.170796595971131,145.0,
1515,2104,2040.0,0.2613586090575348,147.0,
1516,91,85.0,0.552511759148612,150.0,
1517,103,85.0,1.0382738421217101,150.0,
1518,82,85.0,1.43026021294753,150.0,204.0
1519,83,85.0,0.9084542543095075,150.0,
1520,77,85.0,0.81609706246475,150.0,
1521,68,85.0,0.873133774481383,150.0,
1522,66,85.0,0.8350576466750269,150.0,
1523,69,85.0,0.9507402459021118,150.0,205.0
1524,75,85.0,1.3131821489972497,150.0,205.0
1525,52,85.0,1.4988733523278552,150.0,
1526,57,85.0,1.5336723678534094,150.0,
1527,2104,2040.0,0.24150382838355872,152.0,
1528,91,85.0,0.4374651317084789,155.0,
1529,103,85.0,0.46801682521384536,155.0,
1530,82,85.0,0.4903849082170754,155.0,
1531,83,85.0,0.28580724697166454,155.0,
1532,77,85.0,0.33095928389116647,155.0,
1533,68,85.0,0.38313140385259437,155.0,
1534,66,85.0,0.5632148663181994,155.0,
1535,69,85.0,0.5507599764266407,155.0,
1536,75,85.0,0.9456599132778162,155.0,
1537,52,85.0,1.5479201794038426,155.0,
1538,57,85.0,1.3609914583491856,155.0,
1539,2104,2040.0,0.3220949536233675,157.0,
1540,91,85.0,0.5383198819306397,160.0,
1541,103,85.0,0.8072275916602561,160.0,
1542,82,85.0,0.4467434522187697,160.0,
1543,83,85.0,0.2346855122164923,160.0,
1544,77,85.0,0.2304921447098787,160.0,
1545,68,85.0,0.2564390467334456,160.0,
1546,66,85.0,0.3363716456675823,160.0,
1547,69,85.0,0.3729992018915537,160.0,
1548,75,85.0,0.8094006876530463,160.0,
1549,52,85.0,1.5208470930897287,160.0,
1550,57,85.0,1.6385000244695733,160.0,
1551,2104,2040.0,0.3286189238680696,162.0,
1552,91,85.0,0.29247009075501573,165.0,
1553,103,85.0,0.29226327286939124,165.0,
1554,82,85.0,0.45268498940773305,165.0,
1555,83,85.0,0.6306771923277593,165.0,
1556,77,85.0,0.2907382725351411,165.0,
1557,68,85.0,0.2725625123912221,165.0,206.0
1558,66,85.0,0.5506133115210601,165.0,206.0
1559,69,85.0,0.8282002298411593,165.0,
1560,75,85.0,0.9799426343249843,165.0,207.0
1561,52,85.0,1.6148650358279817,165.0,207.0
1562,57,85.0,2.116696683652355,165.0,
1563,2104,2040.0,0.2202504867119441,167.0,
1564,2017,1062.0,0.831765166123965,169.8,
1565,82,103.0,0.1517825421005939,170.0,
1566,83,103.0,0.2571202280518506,170.0,
1567,77,103.0,0.26093523363432564,170.0,
1568,68,103.0,0.4228192977052601,170.0,
1569,66,103.0,0.6985506251909385,170.0,
1570,69,103.0,0.9681697358728003,170.0,
1571,52,75.0,1.4028266735122337,170.0,208.0
1572,57,75.0,2.8427838237775385,170.0,
1573,2104,2040.0,0.3087705826299918,172.0,
1574,2017,1062.0,0.503270809187149,174.8,209.0
1575,83,82.0,0.31972676490234897,175.0,209.0
1576,77,82.0,0.23045598938089376,175.0,209.0
1577,68,82.0,0.5702471442924981,175.0,
1578,66,82.0,0.840037761411731,175.0,210.0
1579,69,82.0,1.2637089954119272,175.0,
1580,52,75.0,1.5978160349642594,175.0,
1581,57,75.0,2.4047331612358454,175.0,
1582,2841,2484.0,0.48216404355210746,176.9,
1583,2104,2040.0,0.14476664170774128,177.0,
1584,2017,1062.0,0.5765988604730725,179.8,211.0
1585,68,77.0,0.47585411236022446,180.0,
1586,66,77.0,0.8358556462009986,180.0,212.0
1587,69,77.0,1.3027484029835503,180.0,
1588,2841,2484.0,0.5264162383903066,181.9,213.0
1589,2104,2040.0,0.1737295703374512,182.0,213.0
1590,2017,1062.0,0.5062511131772448,184.8,213.0
1591,66,68.0,0.4000961190949452,185.0,213.0
1592,69,68.0,0.8797100002720887,185.0,
1593,2841,2484.0,0.4809591235194851,186.9,
1594,2104,2040.0,0.19784805138299638,187.0,214.0
1595,2017,1062.0,0.9534445800578009,189.8,
1596,69,66.0,0.29058158116850596,190.0,
1597,2841,2484.0,0.4441694878859077,191.9,
1598,2104,2040.0,0.280037674121918,192.0,215.0
1599,2017,1062.0,0.5677346302681382,194.8,
1600,2841,2484.0,0.31388078964310756,196.9,216.0
1601,2104,2040.0,0.2260114221944219,197.0,
1602,2017,1062.0,0.1821359031445611,199.8,217.0
1603,2841,2484.0,0.0874434732205124,201.9,217.0
1604,2104,2040.0,0.48663106652927934,202.0,217.0
1605,2017,1062.0,0.9448606212539657,204.8,217.0
1606,2841,2484.0,0.2537658869229551,206.9,
1607,2104,2040.0,0.2683665409401741,207.0,
1608,2017,1062.0,1.0052009758566962,209.8,218.0
1609,2841,2484.0,0.26477675434511566,211.9,
1610,2104,2040.0,0.4524012668984266,212.0,
1611,2017,1062.0,0.9886430419630815,214.8,
1612,2841,2484.0,0.3158215944431345,216.9,
1613,2104,2040.0,0.06304213455683845,217.0,219.0
1614,942,2015.0,0.7757011137457315,217.7,
1615,2017,1062.0,1.2730632859041364,219.8,
1616,2841,2484.0,0.3754268287180378,221.9,
1617,2104,2040.0,0.5393077745181015,222.0,220.0
1618,942,2015.0,0.47462070143678275,222.7,220.0
1619,2017,1062.0,1.1563428366024515,224.8,220.0
1620,2841,2484.0,0.15513271851572016,226.9,220.0
1621,2104,2040.0,0.5501678850455636,227.0,
1622,942,2015.0,0.5158596249425738,227.7,
1623,2017,1062.0,1.085105113582617,229.8,
1624,2841,2484.0,0.17929036377399232,231.9,
1625,2104,2040.0,0.5160637801263792,232.0,
1626,942,2015.0,0.7615807629898957,232.7,
1627,2017,1062.0,0.38871866492535645,234.8,221.0
1628,2841,2484.0,1.3762990487466173,236.9,
1629,2104,2040.0,0.3986689778959754,237.0,222.0
1630,942,2015.0,0.33850426775060893,237.7,
1631,2390,1008.0,0.822601532930985,239.5,223.0
1632,2017,1062.0,0.587306510256715,239.8,
1633,2841,2484.0,0.18172023655566258,241.9,224.0
1634,2104,2040.0,0.5535888914763605,242.0,224.0
1635,942,2015.0,0.19300661415146886,242.7,
1636,2390,1008.0,0.9611929794838879,244.5,
1637,2017,1062.0,0.3901065983945712,244.8,
1638,2841,2484.0,0.3875789870615381,246.9,
1639,2104,2040.0,0.3665828038921413,247.0,
1640,942,2015.0,0.6909586261332373,247.7,
1641,2390,1008.0,0.5196500172938735,249.5,
1642,2017,1062.0,0.1494961813863797,249.8,
1643,2841,2484.0,0.25647807365205383,251.9,
1644,2104,2040.0,0.373618374665954,252.0,
1645,942,2015.0,1.1007318295952935,252.7,
1646,2390,1008.0,0.5994461049811235,254.5,225.0
1647,2017,1062.0,0.5094031697527148,254.8,
1648,2841,2484.0,0.22730804303772467,256.9,226.0
1649,2104,2040.0,0.5090877300992649,257.0,
1650,942,2015.0,1.2862258284802748,257.7,227.0
1651,2390,1008.0,0.36196942249139225,259.5,227.0
1652,2017,1062.0,0.16441491115726808,259.8,
1653,2841,2484.0,0.4548688492499866,261.9,
1654,2104,2040.0,0.13664029814637368,262.0,
1655,942,2015.0,1.0939131962155613,262.7,
1656,2390,1008.0,0.28767340790753015,264.5,
1657,2017,1062.0,0.18551524467209562,264.8,
1658,2841,2484.0,0.8440660603548434,266.9,
1659,2104,2040.0,0.6701465785282453,267.0,
1660,2390,1008.0,0.6338123898077956,269.5,
1661,2017,1062.0,0.5146878124049388,269.8,
1662,2841,2484.0,0.5408788810450877,271.9,228.0
1663,2104,2040.0,0.8011991676674741,272.0,
1664,2592,3926.0,1.7107894727577972,272.0,229.0
1665,2390,1008.0,0.3229696267286529,274.5,
1666,2017,1062.0,0.19361281434804117,274.8,230.0
1667,2841,2484.0,0.5630777043862433,276.9,230.0
1668,2104,2040.0,0.37510772434133893,277.0,
1669,2390,1008.0,0.2998830199100248,279.5,
1670,2017,1062.0,0.16886271792634674,279.8,
1671,2841,2484.0,0.6848109140950355,281.9,
1672,2104,2040.0,1.1477802389697844,282.0,
1673,2592,3926.0,1.4363610600983572,282.0,231.0
1674,2390,1008.0,0.7604427022526077,284.5,
1675,2017,1062.0,0.3837077390073228,284.8,
1676,2841,2484.0,0.6952725000424455,286.9,
1677,2104,2040.0,1.4299358643317903,287.0,
1678,2390,1008.0,0.56057689186132,289.5,
1679,2017,1062.0,0.08168902083779646,289.8,232.0
1680,2841,2484.0,0.6814921489782776,291.9,
1681,2104,2040.0,1.137778437210052,292.0,233.0
1682,2390,1008.0,0.7520642854672518,294.5,
1683,2017,1062.0,0.3809553600368351,294.8,234.0
1684,2841,2484.0,0.6731502600207134,296.9,
1685,2104,2040.0,1.0208157530916384,297.0,
1686,2390,1008.0,0.7832486755885968,299.5,
1687,2017,1062.0,0.4395473186277166,299.8,
1688,2841,2484.0,1.5045959471883235,301.9,
1689,2104,2040.0,1.3857690054147531,302.0,
1690,2390,1008.0,0.5327391365304578,304.5,
1691,2017,1062.0,0.3005961506501387,304.8,
1692,2841,2484.0,0.5952073784852238,306.9,235.0
1693,2104,2040.0,1.1740033218845585,307.0,
1694,2390,1008.0,0.5836570748012078,309.5,
1695,2017,1062.0,0.3532899377809821,309.8,
1696,1046,42.0,0.71959316897501,311.5,
1697,2841,2484.0,0.603504590447008,311.9,
1698,2104,2040.0,1.559840645672417,312.0,
1699,2390,1008.0,0.6421072116209551,314.5,
1700,2017,1062.0,0.39873371600635443,314.8,236.0
1701,1046,42.0,0.6530274884026988,316.5,
1702,2841,2484.0,0.34633840687885037,316.9,237.0
1703,2104,2040.0,0.8103742169662257,317.0,
1704,2390,1008.0,1.1836504450243535,319.5,
1705,2017,1062.0,0.2982456190003556,319.8,
1706,2841,2484.0,0.4608438778062426,321.9,
1707,2104,2040.0,0.9226670687323281,322.0,
1708,2390,1008.0,1.527963881189183,324.5,
1709,2017,1062.0,0.09911600523283634,324.8,
1710,2449,4472.0,1.027673980964344,326.5,238.0
1711,2841,2484.0,0.8047304440749243,326.9,
1712,2104,2040.0,0.6813188045169315,327.0,
1713,2592,3926.0,1.1241591446840147,327.0,
1714,2390,1008.0,1.6053139104531375,329.5,
1715,2017,1062.0,0.04433545913295521,329.8,
1716,2449,4472.0,1.1143703504902196,331.5,
1717,2841,2484.0,1.5766214578687863,331.9,
1718,2104,2040.0,0.666958367465161,332.0,239.0
1719,2592,3926.0,0.6847248975419558,332.0,
1720,2390,1008.0,1.0192452094874118,334.5,240.0
1721,2449,4472.0,1.0146571681106862,336.5,
1722,2841,2484.0,1.5462931713595744,336.9,
1723,2592,3926.0,0.5705010347683964,337.0,
1724,2449,4472.0,1.5572460343680632,341.5,
1725,2841,2484.0,1.4569692435027077,341.9,
1726,2592,3926.0,0.5058236981079155,342.0,
1727,2449,4472.0,1.7853874833784074,346.5,
1728,2841,2484.0,0.8278432107773273,346.9,241.0
1729,2592,3926.0,0.5957259570536592,347.0,
1730,2449,4472.0,0.6597849450950187,351.5,
1731,2841,2484.0,0.34492498922371134,351.9,
1732,2592,3926.0,0.8502549528669063,352.0,
1733,2449,4472.0,0.6261925818538824,356.5,
1734,2841,2484.0,0.9919342461668027,356.9,
1735,2449,4472.0,0.5439118176844258,361.5,
1736,2449,4472.0,1.203678209709041,366.5,242.0
1737,2449,4472.0,1.9482801147843916,376.5,
1738,2592,3926.0,0.6577021008331718,377.0,243.0
1739,2449,4472.0,0.8521228827327485,381.5,
1740,2592,3926.0,0.8433423868426791,382.0,244.0
1741,5059,6131.0,2.4207209645451275,385.5,
1742,2449,4472.0,0.9318733999197474,386.5,
1743,2592,3926.0,0.9592649758961446,387.0,
1744,5059,6131.0,1.275857981519039,390.5,
1745,2449,4472.0,0.8036717994196625,391.5,
1746,2592,3926.0,0.788594263977984,392.0,
1747,5967,949.0,3.496897735301861,392.1,
1748,5059,6131.0,1.1623531646536507,395.5,245.0
1749,2449,4472.0,0.5939715979621898,396.5,
1750,2592,3926.0,0.28731792925440675,397.0,
1751,5059,6131.0,0.941420864728245,400.5,
1752,2449,4472.0,1.3196301730854183,401.5,
1753,2592,3926.0,0.41551753261071817,402.0,
1754,2449,4472.0,1.6854571275282522,406.5,246.0
1755,2592,3926.0,0.15883897513007122,407.0,
1756,2449,4472.0,1.3819320455832191,411.5,247.0
1757,2592,3926.0,0.569216406188142,412.0,
1758,6731,6787.0,0.5622334064992325,414.5,248.0
1759,5967,5222.0,1.0024804979254565,415.9,
1760,2449,4472.0,0.685282549001257,416.5,
1761,2592,3926.0,0.8576100744925457,417.0,
1762,6731,6787.0,0.5264277012682488,419.5,
1763,5967,5222.0,2.152114943605546,420.9,
1764,2449,4472.0,0.6412839010748779,421.5,
1765,2592,3926.0,0.6329678249271031,422.0,
1766,6968,6931.0,0.5934532547592288,424.1,
1767,6886,6931.0,0.6029745837710444,424.1,249.0
1768,6731,6787.0,0.5581469754280056,424.5,
1769,6800,7044.0,0.49267893073698105,426.1,
1770,2449,4472.0,0.5215040087792452,426.5,
1771,7022,7056.0,0.6574380639213394,426.6,
1772,2592,3926.0,0.5553500517023928,427.0,
1773,7044,7086.0,0.5190322654681978,427.7,250.0
1774,7056,7100.0,0.7187386141946853,427.9,
1775,6968,6931.0,0.3847467119306642,429.1,251.0
1776,6886,6931.0,0.3772973835228075,429.1,
1777,6731,6787.0,0.5040327834440447,429.5,252.0
1778,5967,5222.0,1.7815890525094458,430.9,
1779,2449,4472.0,1.1619503660916664,431.5,
1780,2592,3926.0,0.715900617837966,432.0,
1781,7044,7086.0,0.4669031992885138,432.7,
1782,7056,7100.0,0.5817881459059884,432.9,
1783,7217,7259.0,0.2919680374959711,433.1,
1784,7080,7265.0,0.2434810726826421,433.4,
1785,6968,6931.0,1.610508267597963,434.1,
1786,6886,6931.0,1.5848502752010434,434.1,253.0
1787,6731,6787.0,0.5220950739306232,434.5,
1788,5967,5222.0,0.9552465502273134,435.9,
1789,2449,4472.0,1.3726269296133289,436.5,
1790,2592,3926.0,0.4549434706214844,437.0,
1791,7044,7086.0,0.52275239635799,437.7,
1792,7056,7100.0,0.5875035752110348,437.9,254.0
1793,7217,7259.0,0.2320281920736706,438.1,
1794,7080,7265.0,0.2882250341856434,438.4,255.0
1795,6968,6931.0,1.0002902375932805,439.1,
1796,6886,6931.0,1.2170765327438853,439.1,256.0
1797,6731,6787.0,0.5211908364543336,439.5,
1798,5967,5222.0,1.4770474847851318,440.9,
1799,2449,4472.0,0.9110755567347085,441.5,
1800,7340,7440.0,0.5205792358755045,441.7,
1801,2592,3926.0,0.45149998501150723,442.0,
1802,7044,7086.0,0.39905281565803497,442.7,
1803,7056,7100.0,0.5695895456633849,442.9,
1804,7217,7259.0,0.27670955702365263,443.1,
1805,7080,7265.0,0.4570604407217616,443.4,257.0
1806,6968,6931.0,0.7240207548685366,444.1,
1807,6886,6931.0,1.110958354813339,444.1,
1808,6731,6787.0,0.21156860757895982,444.5,
1809,5967,5222.0,0.147866763724154,445.9,
1810,2449,4472.0,0.4589461050818929,446.5,
1811,7340,7440.0,0.3783262182470199,446.7,
1812,2592,3926.0,0.2791641322948901,447.0,258.0
1813,7044,7086.0,0.34912360321817104,447.7,
1814,7056,7100.0,0.5715378866188681,447.9,259.0
1815,7217,7259.0,0.34553094092381137,448.1,
1816,7080,7265.0,0.17172528020779373,448.4,260.0
1817,6968,6931.0,0.20458016936821227,449.1,
1818,6886,6931.0,0.8764036710377401,449.1,
1819,6731,6787.0,0.11759136686491771,449.5,
1820,5967,5222.0,0.314480300025349,450.9,
1821,2449,4472.0,0.4008851055519674,451.5,
1822,7340,7440.0,0.3805069972247535,451.7,
1823,2592,3926.0,0.36670730816574676,452.0,
1824,7044,7086.0,0.39554626312942176,452.7,
1825,7056,7100.0,0.15494108782447208,452.9,261.0
1826,7217,7259.0,0.20678838425007218,453.1,
1827,7080,7265.0,0.4558011101277877,453.4,
1828,6968,6931.0,0.37444469415106335,454.1,
1829,6886,6931.0,0.9382425653033666,454.1,
1830,6731,6787.0,0.1494670958082495,454.5,
1831,5967,5222.0,0.21142378041681173,455.9,
1832,2449,4472.0,0.3829104858502829,456.5,262.0
1833,7340,7440.0,0.35106584089104637,456.7,
1834,2592,3926.0,0.4259038398968888,457.0,263.0
1835,7044,7086.0,0.3664597933984982,457.7,
1836,7056,7100.0,0.4115961114250423,457.9,264.0
1837,7217,7259.0,0.1904304900953971,458.1,
1838,7080,7265.0,0.4585292205110893,458.4,
1839,6968,6931.0,0.2035127783833452,459.1,
1840,6886,6931.0,0.8804237718337398,459.1,
1841,6731,6787.0,0.07054844139972222,459.5,
1842,5967,5222.0,0.15756986752441937,460.9,
1843,2449,4472.0,0.18128201898307555,461.5,
1844,7340,7440.0,0.06776161876321253,461.7,
1845,2592,3926.0,0.22247199286581998,462.0,
1846,7044,7086.0,0.3089344952750165,462.7,265.0
